customer_id,telecom_partner,gender,age,state,city,pincode,date_of_registration,num_dependents,estimated_salary,calls_made,sms_sent,data_used,churn
1,"Reliance Jio",F,25,Karnataka,Kolkata,755597,2020-01-01,4,124962,44,45,-361,0
2,"Reliance Jio",F,55,Mizoram,Mumbai,125926,2020-01-01,2,130556,62,39,5973,0
3,Vodafone,F,57,"Arunachal Pradesh",Delhi,423976,2020-01-01,0,148828,49,24,193,1
4,BSNL,M,46,"Tamil Nadu",Kolkata,522841,2020-01-01,1,38722,80,25,9377,1
5,BSNL,F,26,Tripura,Delhi,740247,2020-01-01,2,55098,78,15,1393,0
6,Vodafone,M,36,Uttarakhand,Chennai,120612,2020-01-01,1,73452,91,24,8109,0
7,BSNL,F,60,Karnataka,Delhi,609616,2020-01-01,1,110035,36,13,8512,0
8,BSNL,M,46,"Arunachal Pradesh",Kolkata,866786,2020-01-01,4,104541,87,40,2245,1
9,"Reliance Jio",F,53,"Himachal Pradesh",Mumbai,765257,2020-01-01,2,79439,34,12,10039,0
10,BSNL,F,57,Rajasthan,Mumbai,506308,2020-01-01,0,126422,61,33,567,0
11,Airtel,M,44,Uttarakhand,Chennai,776250,2020-01-01,0,133288,7,7,1275,1
12,Airtel,M,56,Odisha,Mumbai,642121,2020-01-01,4,135129,39,51,7644,0
13,Vodafone,F,64,"Uttar Pradesh",Hyderabad,339770,2020-01-01,4,136967,40,4,1911,0
14,Vodafone,F,70,Chhattisgarh,Kolkata,711206,2020-01-01,0,140219,50,17,7727,0
15,Vodafone,F,38,"Uttar Pradesh",Delhi,546253,2020-01-01,1,147805,86,20,8058,0
16,BSNL,M,22,"Tamil Nadu",Mumbai,437585,2020-01-01,3,100340,88,40,6303,0
17,Vodafone,M,61,"Himachal Pradesh",Hyderabad,734068,2020-01-01,2,59723,16,42,8157,1
18,"Reliance Jio",M,59,"Madhya Pradesh",Hyderabad,940945,2020-01-01,1,101694,80,20,2605,0
19,Airtel,F,47,Manipur,Delhi,630028,2020-01-01,1,138037,60,28,1432,0
20,Vodafone,M,26,"Uttar Pradesh",Hyderabad,516585,2020-01-01,1,109753,95,-1,9993,0
21,Vodafone,F,58,Goa,Bangalore,316225,2020-01-01,1,118578,94,50,2214,0
22,Vodafone,M,66,"West Bengal",Bangalore,504153,2020-01-01,2,64468,57,10,8141,0
23,BSNL,F,26,"Arunachal Pradesh",Chennai,893238,2020-01-01,0,65263,79,0,4426,0
24,"Reliance Jio",F,71,Gujarat,Bangalore,264045,2020-01-01,1,110373,25,24,2533,0
25,"Reliance Jio",M,48,Telangana,Delhi,941207,2020-01-01,2,114923,43,8,5994,0
26,Airtel,F,48,Mizoram,Chennai,651699,2020-01-01,0,94683,28,48,6434,1
27,Vodafone,M,58,"Himachal Pradesh",Delhi,133421,2020-01-01,3,50853,36,5,5604,0
28,BSNL,M,20,Karnataka,Delhi,801389,2020-01-01,2,133235,99,4,5044,0
29,Airtel,M,64,Gujarat,Kolkata,106829,2020-01-01,2,103868,20,39,8314,0
30,"Reliance Jio",M,53,Maharashtra,Kolkata,270313,2020-01-01,4,61335,4,45,7268,0
31,Vodafone,M,29,Chhattisgarh,Kolkata,316582,2020-01-01,2,86124,65,22,7592,0
32,Airtel,M,73,Gujarat,Chennai,832883,2020-01-01,4,61329,25,29,1479,1
33,BSNL,F,66,Telangana,Mumbai,523021,2020-01-01,3,104227,93,6,837,0
34,BSNL,F,31,Haryana,Bangalore,830078,2020-01-01,2,106097,89,-2,3927,0
35,Vodafone,M,58,"West Bengal",Kolkata,856084,2020-01-01,2,104291,51,8,8662,0
36,"Reliance Jio",F,62,"Madhya Pradesh",Delhi,875931,2020-01-01,0,90788,46,29,4532,0
37,BSNL,M,73,"Andhra Pradesh",Bangalore,717172,2020-01-01,1,40437,77,6,4239,0
38,BSNL,M,52,Telangana,Bangalore,947518,2020-01-01,2,69301,69,44,528,1
39,"Reliance Jio",M,69,Gujarat,Chennai,712223,2020-01-01,1,87166,92,15,-790,0
40,BSNL,F,26,Sikkim,Mumbai,106161,2020-01-01,4,104164,62,39,8305,0
41,"Reliance Jio",M,26,"Madhya Pradesh",Hyderabad,974052,2020-01-01,3,71542,16,27,1660,1
42,"Reliance Jio",M,33,Rajasthan,Mumbai,638965,2020-01-01,0,119789,102,51,8639,0
43,Airtel,M,48,Odisha,Chennai,504372,2020-01-01,2,126147,0,24,3310,0
44,Airtel,F,42,Gujarat,Bangalore,983359,2020-01-01,3,71532,75,16,2998,0
45,BSNL,F,53,Assam,Kolkata,417695,2020-01-01,0,45828,87,30,4939,0
46,Airtel,F,55,"Himachal Pradesh",Hyderabad,606590,2020-01-01,2,132122,96,31,3183,0
47,Vodafone,M,33,"West Bengal",Chennai,657984,2020-01-01,4,115283,77,36,3491,0
48,BSNL,M,52,"West Bengal",Bangalore,730830,2020-01-01,0,75578,46,42,4853,0
49,Vodafone,F,26,Mizoram,Chennai,839294,2020-01-01,0,145508,88,51,8790,0
50,Vodafone,F,40,Sikkim,Hyderabad,522390,2020-01-01,3,102431,56,12,754,0
51,BSNL,F,30,Tripura,Hyderabad,517218,2020-01-01,3,86402,16,27,4865,1
52,"Reliance Jio",F,35,Mizoram,Delhi,512762,2020-01-01,4,47529,51,8,7563,0
53,"Reliance Jio",M,28,"Madhya Pradesh",Mumbai,688718,2020-01-01,3,87586,31,19,10131,0
54,Vodafone,M,70,"Uttar Pradesh",Chennai,937192,2020-01-01,2,104134,66,20,1477,0
55,BSNL,F,49,Jharkhand,Chennai,462840,2020-01-01,3,25655,32,0,2756,0
56,"Reliance Jio",M,43,Telangana,Mumbai,350531,2020-01-01,3,131771,92,27,3903,0
57,BSNL,M,30,Kerala,Hyderabad,153029,2020-01-01,2,21510,70,38,1141,0
58,Vodafone,F,59,"Arunachal Pradesh",Kolkata,515124,2020-01-01,0,54488,20,17,9285,1
59,BSNL,F,35,"Uttar Pradesh",Bangalore,826709,2020-01-01,3,73419,61,29,5040,0
60,"Reliance Jio",M,18,Chhattisgarh,Bangalore,438015,2020-01-01,0,59727,80,16,1683,0
61,Vodafone,F,42,Karnataka,Kolkata,907782,2020-01-01,2,119872,3,17,3451,0
62,"Reliance Jio",F,71,Uttarakhand,Hyderabad,306394,2020-01-01,3,136576,14,48,5372,0
63,BSNL,F,25,Mizoram,Hyderabad,145498,2020-01-01,1,119513,33,19,6143,0
64,Airtel,M,40,"West Bengal",Kolkata,234208,2020-01-01,1,88703,30,48,484,1
65,Vodafone,F,44,Mizoram,Kolkata,572957,2020-01-01,1,95271,40,9,2542,0
66,BSNL,F,47,"Himachal Pradesh",Hyderabad,834880,2020-01-01,0,37927,42,31,6702,0
67,Vodafone,F,53,Mizoram,Mumbai,422748,2020-01-01,3,138704,83,49,8023,0
68,Vodafone,F,72,Punjab,Kolkata,646678,2020-01-01,1,124607,25,38,4867,0
69,Airtel,M,39,Kerala,Mumbai,413226,2020-01-01,2,121809,-1,13,8728,0
70,"Reliance Jio",M,28,Kerala,Chennai,520338,2020-01-01,2,34463,36,6,-492,0
71,BSNL,M,50,"West Bengal",Delhi,250131,2020-01-01,4,83907,29,11,8198,0
72,Vodafone,F,31,"Tamil Nadu",Chennai,534099,2020-01-01,1,54302,105,15,166,0
73,BSNL,F,43,Uttarakhand,Delhi,554046,2020-01-01,4,101224,33,44,-73,0
74,Vodafone,F,59,Maharashtra,Mumbai,787762,2020-01-01,4,63041,45,45,4405,0
75,Airtel,M,61,Manipur,Kolkata,982413,2020-01-01,4,98314,78,29,1369,0
76,BSNL,M,34,Kerala,Chennai,273053,2020-01-01,0,127804,59,16,3488,0
77,BSNL,M,44,Mizoram,Bangalore,883211,2020-01-01,1,147453,20,35,5049,0
78,Vodafone,M,24,Assam,Kolkata,342769,2020-01-01,4,86828,57,29,7743,0
79,"Reliance Jio",M,61,Jharkhand,Chennai,491303,2020-01-01,0,43619,39,35,9625,1
80,BSNL,F,64,Sikkim,Mumbai,295488,2020-01-01,2,113686,91,19,1682,0
81,Vodafone,M,25,Mizoram,Bangalore,644267,2020-01-01,2,131010,27,42,8155,1
82,"Reliance Jio",M,42,Nagaland,Kolkata,567807,2020-01-01,4,135489,66,10,5821,1
83,Vodafone,F,55,"Arunachal Pradesh",Chennai,552365,2020-01-01,2,71817,3,18,3096,0
84,"Reliance Jio",F,22,Assam,Hyderabad,848983,2020-01-01,2,47235,102,-1,7785,0
85,"Reliance Jio",M,31,Goa,Bangalore,998092,2020-01-01,4,92068,70,39,10269,0
86,Airtel,F,35,Assam,Hyderabad,209707,2020-01-01,4,72035,80,36,3496,0
87,Vodafone,F,55,Mizoram,Mumbai,896895,2020-01-01,3,111216,56,30,3507,0
88,Airtel,F,33,"Himachal Pradesh",Kolkata,100889,2020-01-01,0,122987,78,4,-149,1
89,BSNL,M,74,Manipur,Chennai,823520,2020-01-01,2,71227,55,0,1337,0
90,BSNL,M,39,"Uttar Pradesh",Chennai,458766,2020-01-01,3,118200,22,8,10449,0
91,BSNL,M,28,Bihar,Bangalore,638325,2020-01-01,0,31297,36,-3,2695,0
92,BSNL,F,22,Uttarakhand,Bangalore,760782,2020-01-01,1,118100,25,5,1467,0
93,"Reliance Jio",F,62,Maharashtra,Chennai,829044,2020-01-01,2,20720,90,29,2963,0
94,Vodafone,F,52,Haryana,Hyderabad,298464,2020-01-01,1,100048,39,43,907,0
95,BSNL,M,42,Uttarakhand,Hyderabad,714661,2020-01-01,2,23948,29,43,359,0
96,Vodafone,M,62,Maharashtra,Mumbai,740775,2020-01-01,3,30472,76,36,5671,0
97,BSNL,M,22,"Uttar Pradesh",Delhi,804886,2020-01-01,3,145001,71,43,9224,0
98,"Reliance Jio",M,32,"Uttar Pradesh",Kolkata,565688,2020-01-01,3,108307,14,35,1889,0
99,Vodafone,F,40,Rajasthan,Chennai,356048,2020-01-01,1,54706,101,5,3771,0
100,Airtel,M,59,Manipur,Hyderabad,879464,2020-01-01,2,144251,42,5,3497,1
101,Vodafone,M,44,Meghalaya,Mumbai,863937,2020-01-01,2,113584,42,41,729,0
102,"Reliance Jio",M,68,Haryana,Hyderabad,388491,2020-01-01,0,96198,21,40,5271,0
103,BSNL,M,31,"Madhya Pradesh",Delhi,283382,2020-01-01,1,73367,69,44,4943,0
104,Vodafone,F,61,"Uttar Pradesh",Hyderabad,100027,2020-01-01,2,103051,15,22,8993,0
105,Vodafone,M,59,"Uttar Pradesh",Delhi,620044,2020-01-01,1,82246,74,12,8560,0
106,Vodafone,M,70,"Himachal Pradesh",Mumbai,837746,2020-01-01,3,28513,87,4,5021,1
107,Vodafone,F,58,Assam,Delhi,385096,2020-01-01,2,58870,98,40,7367,0
108,Airtel,F,30,Punjab,Delhi,736732,2020-01-01,1,93546,13,26,-683,0
109,Vodafone,M,27,Karnataka,Chennai,952589,2020-01-01,4,104285,52,25,1868,1
110,BSNL,M,36,Chhattisgarh,Delhi,635762,2020-01-01,3,53001,-3,24,3695,0
111,Airtel,F,44,Maharashtra,Bangalore,208672,2020-01-01,4,107123,38,-4,3529,0
112,BSNL,F,24,Nagaland,Mumbai,955447,2020-01-01,4,22814,96,30,9049,0
113,"Reliance Jio",M,28,Bihar,Kolkata,150265,2020-01-01,0,54634,20,45,8572,0
114,Vodafone,M,65,"Madhya Pradesh",Bangalore,726907,2020-01-01,4,102036,75,19,5169,0
115,Vodafone,F,60,Nagaland,Chennai,691617,2020-01-01,1,29859,25,26,3163,0
116,BSNL,M,68,Nagaland,Hyderabad,417409,2020-01-01,1,45577,44,9,3931,0
117,"Reliance Jio",F,40,Nagaland,Chennai,197583,2020-01-01,1,85856,98,52,1781,0
118,"Reliance Jio",M,24,Chhattisgarh,Chennai,872942,2020-01-01,1,66198,78,36,4517,0
119,Vodafone,F,72,Maharashtra,Kolkata,828452,2020-01-01,2,92886,79,23,3167,0
120,BSNL,M,18,"Andhra Pradesh",Hyderabad,528993,2020-01-01,4,96992,93,3,-478,1
121,Vodafone,M,65,Chhattisgarh,Delhi,762562,2020-01-01,0,55114,65,33,214,0
122,"Reliance Jio",M,23,"Arunachal Pradesh",Mumbai,778646,2020-01-01,2,149464,73,22,5723,0
123,Vodafone,M,55,Kerala,Bangalore,265519,2020-01-01,3,126483,32,28,6919,0
124,Vodafone,F,64,Odisha,Mumbai,110486,2020-01-01,4,32570,53,25,6534,0
125,Vodafone,M,35,Manipur,Mumbai,804740,2020-01-01,3,35375,77,7,4195,0
126,Airtel,M,39,Mizoram,Kolkata,954531,2020-01-01,3,33619,25,52,3001,0
127,"Reliance Jio",M,62,Punjab,Mumbai,788597,2020-01-01,3,56168,90,18,5658,0
128,BSNL,F,35,"Uttar Pradesh",Hyderabad,152172,2020-01-01,0,22346,95,18,3927,0
129,Airtel,M,22,"Andhra Pradesh",Mumbai,365201,2020-01-01,0,132796,68,23,2644,0
130,Vodafone,M,34,Haryana,Hyderabad,924432,2020-01-01,0,132240,57,42,7082,0
131,BSNL,F,53,Karnataka,Mumbai,892454,2020-01-01,1,107295,8,17,10401,0
132,Vodafone,M,35,Haryana,Mumbai,864506,2020-01-01,4,91207,43,31,7942,0
133,BSNL,M,53,"Madhya Pradesh",Kolkata,158608,2020-01-01,3,93214,83,23,4015,0
134,"Reliance Jio",M,37,Odisha,Bangalore,739980,2020-01-01,3,64145,10,26,-173,0
135,Airtel,F,63,Manipur,Kolkata,382481,2020-01-01,4,88523,22,9,6211,0
136,BSNL,M,65,Bihar,Mumbai,449353,2020-01-01,0,54114,37,39,2594,1
137,BSNL,M,19,Haryana,Bangalore,156611,2020-01-01,0,21407,85,21,5561,0
138,"Reliance Jio",M,64,"Himachal Pradesh",Chennai,670897,2020-01-01,3,56741,22,1,4821,1
139,Airtel,F,66,Karnataka,Delhi,773622,2020-01-01,4,43605,81,33,6244,0
140,"Reliance Jio",M,68,"Tamil Nadu",Bangalore,126830,2020-01-01,2,28548,98,33,1919,1
141,BSNL,M,48,Bihar,Chennai,873992,2020-01-01,4,145661,25,37,4236,0
142,Airtel,M,65,Jharkhand,Kolkata,240470,2020-01-01,4,106064,60,27,5329,0
143,Airtel,M,58,Kerala,Bangalore,931935,2020-01-01,2,102742,25,19,7841,1
144,"Reliance Jio",M,49,"Uttar Pradesh",Bangalore,759035,2020-01-01,0,145743,62,47,6075,0
145,Airtel,F,43,Manipur,Chennai,353042,2020-01-01,2,121818,43,27,7217,0
146,Vodafone,M,35,Tripura,Kolkata,320351,2020-01-01,2,24791,15,26,8421,0
147,Vodafone,M,44,"Himachal Pradesh",Hyderabad,843578,2020-01-01,4,59042,15,34,4801,0
148,"Reliance Jio",M,59,Uttarakhand,Kolkata,885229,2020-01-01,2,133539,30,8,2799,0
149,BSNL,F,50,"Himachal Pradesh",Kolkata,272009,2020-01-01,0,128273,29,11,711,0
150,"Reliance Jio",M,56,Telangana,Delhi,767351,2020-01-01,3,50807,41,-1,5820,0
151,"Reliance Jio",M,21,Rajasthan,Delhi,880311,2020-01-01,2,125880,56,42,3559,1
152,"Reliance Jio",M,67,Assam,Bangalore,298721,2020-01-01,3,28846,18,49,10200,0
153,Vodafone,F,22,Sikkim,Hyderabad,690314,2020-01-01,2,42843,34,44,4217,0
154,Airtel,M,23,Haryana,Chennai,486947,2020-01-01,0,69382,85,19,-482,0
155,"Reliance Jio",M,70,"Arunachal Pradesh",Kolkata,973590,2020-01-01,0,53865,-5,42,9856,0
156,"Reliance Jio",M,23,Karnataka,Bangalore,972084,2020-01-01,4,27209,85,49,2101,0
157,Vodafone,F,72,Meghalaya,Bangalore,466929,2020-01-01,0,62577,13,24,5525,0
158,Airtel,F,47,Bihar,Hyderabad,654557,2020-01-01,4,126629,18,46,8353,0
159,"Reliance Jio",M,38,Karnataka,Mumbai,417276,2020-01-01,3,140257,93,40,156,1
160,Airtel,M,72,Punjab,Mumbai,455642,2020-01-01,4,31235,55,5,312,0
161,Airtel,M,43,Haryana,Bangalore,633285,2020-01-01,2,113024,30,50,4057,0
162,Airtel,F,27,Goa,Mumbai,544679,2020-01-01,1,36886,89,11,168,0
163,BSNL,F,38,Meghalaya,Mumbai,872390,2020-01-01,0,99383,91,18,8555,0
164,Vodafone,F,68,Bihar,Delhi,850188,2020-01-01,0,113555,29,29,3274,0
165,Vodafone,F,30,Uttarakhand,Mumbai,582663,2020-01-01,3,26351,49,5,3285,0
166,"Reliance Jio",M,39,Kerala,Chennai,873646,2020-01-01,2,128969,95,-2,2378,0
167,Vodafone,M,27,Assam,Mumbai,340844,2020-01-01,0,39965,102,18,4990,0
168,Vodafone,M,34,Jharkhand,Bangalore,260534,2020-01-01,2,65287,69,18,9227,0
169,Airtel,M,55,Sikkim,Chennai,977395,2020-01-01,0,93934,85,4,5625,0
170,"Reliance Jio",M,60,Meghalaya,Bangalore,169509,2020-01-01,0,94281,62,40,4428,0
171,BSNL,M,47,Uttarakhand,Bangalore,385903,2020-01-01,1,80198,28,-1,4942,1
172,"Reliance Jio",M,40,Odisha,Kolkata,690472,2020-01-01,2,91609,76,40,8171,0
173,"Reliance Jio",M,18,"Tamil Nadu",Kolkata,719734,2020-01-01,3,100163,12,40,722,1
174,BSNL,F,53,Punjab,Delhi,505794,2020-01-01,2,118459,60,21,9746,0
175,"Reliance Jio",M,29,Kerala,Delhi,257901,2020-01-01,4,122685,76,19,1813,0
176,Vodafone,M,26,"Himachal Pradesh",Hyderabad,605322,2020-01-01,0,47767,17,47,4537,0
177,BSNL,M,19,"Himachal Pradesh",Hyderabad,275465,2020-01-01,0,98573,80,27,1288,0
178,Airtel,M,36,Nagaland,Mumbai,483053,2020-01-01,0,130932,57,0,3824,0
179,Airtel,M,22,Meghalaya,Mumbai,958668,2020-01-01,1,61756,78,41,4519,0
180,Airtel,M,46,Chhattisgarh,Mumbai,326691,2020-01-01,2,44681,0,45,3747,0
181,"Reliance Jio",F,55,Maharashtra,Mumbai,387154,2020-01-01,0,121888,-10,9,8344,0
182,Airtel,M,34,"West Bengal",Bangalore,672973,2020-01-01,2,110008,68,19,4361,0
183,Vodafone,M,59,Maharashtra,Mumbai,190698,2020-01-01,1,113606,47,12,-297,1
184,"Reliance Jio",F,36,Telangana,Mumbai,351924,2020-01-01,4,65770,26,19,8990,0
185,"Reliance Jio",F,40,"Arunachal Pradesh",Delhi,159105,2020-01-01,3,96844,51,9,896,1
186,"Reliance Jio",F,67,"Himachal Pradesh",Kolkata,538585,2020-01-01,3,115361,24,10,6744,0
187,"Reliance Jio",M,51,Manipur,Bangalore,294714,2020-01-01,1,47430,49,34,566,0
188,BSNL,M,58,Tripura,Bangalore,184050,2020-01-01,2,101004,78,32,3938,0
189,"Reliance Jio",F,48,"Arunachal Pradesh",Bangalore,581869,2020-01-01,2,63598,46,36,4300,0
190,BSNL,M,49,Gujarat,Hyderabad,617283,2020-01-01,3,96938,68,33,5265,0
191,"Reliance Jio",M,66,Kerala,Chennai,214048,2020-01-01,0,99159,-3,-1,3838,1
192,Vodafone,M,29,Nagaland,Kolkata,697605,2020-01-01,3,57925,70,41,5774,0
193,Airtel,M,21,"Andhra Pradesh",Kolkata,448340,2020-01-01,1,89133,22,6,5990,0
194,Airtel,M,30,"Uttar Pradesh",Chennai,999230,2020-01-01,1,120001,65,11,6249,1
195,Vodafone,M,39,Manipur,Mumbai,809089,2020-01-01,2,36810,71,11,8988,0
196,Vodafone,M,30,Assam,Bangalore,768340,2020-01-01,1,109615,0,7,2956,0
197,Airtel,F,73,Karnataka,Chennai,567625,2020-01-01,2,122350,49,35,6638,1
198,"Reliance Jio",F,25,Tripura,Kolkata,813063,2020-01-01,0,25329,38,9,3095,0
199,BSNL,M,57,Mizoram,Mumbai,550072,2020-01-01,1,93731,88,32,8342,0
200,"Reliance Jio",F,48,Manipur,Kolkata,638475,2020-01-01,2,114548,27,20,1075,1
201,Vodafone,M,67,Gujarat,Delhi,206197,2020-01-02,0,41206,22,44,8467,0
202,Vodafone,M,70,Assam,Delhi,550433,2020-01-02,2,27518,62,16,5487,0
203,Airtel,M,33,Goa,Bangalore,296406,2020-01-02,3,128299,83,44,5391,0
204,Vodafone,M,59,Gujarat,Bangalore,996317,2020-01-02,3,47975,30,33,6477,0
205,Vodafone,M,55,"Himachal Pradesh",Hyderabad,334856,2020-01-02,3,42952,17,43,1848,0
206,"Reliance Jio",F,21,"Arunachal Pradesh",Bangalore,437537,2020-01-02,4,45341,45,34,2067,0
207,BSNL,F,57,Punjab,Hyderabad,672050,2020-01-02,4,87831,93,38,4264,1
208,BSNL,F,60,Nagaland,Hyderabad,626416,2020-01-02,3,75974,68,49,2262,0
209,"Reliance Jio",M,44,Punjab,Delhi,180359,2020-01-02,4,33029,37,34,1516,0
210,Airtel,F,36,"Uttar Pradesh",Hyderabad,496898,2020-01-02,1,84307,85,29,5370,0
211,Vodafone,M,72,Telangana,Mumbai,548744,2020-01-02,0,39983,33,12,8597,0
212,Airtel,F,44,Punjab,Bangalore,275866,2020-01-02,3,70935,33,7,9960,0
213,BSNL,M,42,Maharashtra,Bangalore,391456,2020-01-02,0,112535,-9,21,9798,1
214,"Reliance Jio",M,39,Bihar,Mumbai,933478,2020-01-02,1,137015,5,11,6982,1
215,Vodafone,M,34,"Andhra Pradesh",Hyderabad,553594,2020-01-02,4,51329,24,4,9512,1
216,Airtel,M,52,"Tamil Nadu",Mumbai,392462,2020-01-02,1,41115,11,43,3439,0
217,Vodafone,F,43,Manipur,Delhi,965066,2020-01-02,0,69505,-1,12,5243,0
218,Vodafone,F,27,Chhattisgarh,Delhi,431233,2020-01-02,0,73418,33,38,5314,0
219,Airtel,F,43,Tripura,Chennai,279933,2020-01-02,2,61692,61,2,1335,0
220,Vodafone,M,74,"Himachal Pradesh",Chennai,758252,2020-01-02,2,125262,42,12,3329,0
221,Vodafone,M,73,Nagaland,Hyderabad,415523,2020-01-02,3,50810,75,47,2957,0
222,"Reliance Jio",F,41,"Arunachal Pradesh",Chennai,605204,2020-01-02,0,143064,19,13,4788,0
223,Vodafone,M,28,Mizoram,Mumbai,233131,2020-01-02,2,85780,33,17,6230,0
224,Vodafone,F,32,Karnataka,Delhi,933773,2020-01-02,3,76706,55,12,2210,0
225,BSNL,M,42,Nagaland,Mumbai,370016,2020-01-02,3,74845,21,8,6660,0
226,"Reliance Jio",M,31,Manipur,Kolkata,376737,2020-01-02,0,78215,65,5,74,0
227,Airtel,M,29,Haryana,Hyderabad,363618,2020-01-02,1,86004,8,43,1102,0
228,"Reliance Jio",M,42,Haryana,Bangalore,482240,2020-01-02,3,127407,10,2,6557,0
229,Airtel,M,30,Gujarat,Hyderabad,358169,2020-01-02,0,149438,78,9,737,0
230,BSNL,M,20,Punjab,Hyderabad,126091,2020-01-02,2,128667,82,29,1937,0
231,"Reliance Jio",M,61,Karnataka,Chennai,238058,2020-01-02,0,65026,53,32,215,0
232,Vodafone,F,45,"Arunachal Pradesh",Hyderabad,275158,2020-01-02,1,132579,71,38,6403,1
233,Vodafone,M,58,Chhattisgarh,Bangalore,414692,2020-01-02,2,50540,73,23,2200,0
234,Vodafone,M,32,Karnataka,Kolkata,532502,2020-01-02,1,110639,40,32,-488,0
235,BSNL,M,56,Karnataka,Kolkata,485359,2020-01-02,3,98653,5,30,7760,1
236,Vodafone,F,26,Odisha,Delhi,583537,2020-01-02,4,89208,2,30,2680,0
237,Vodafone,M,32,"Arunachal Pradesh",Chennai,932537,2020-01-02,0,116280,81,8,9252,0
238,Airtel,F,35,"Tamil Nadu",Kolkata,579056,2020-01-02,1,28168,103,20,10155,0
239,"Reliance Jio",M,66,"Tamil Nadu",Mumbai,457276,2020-01-02,2,38426,88,25,9296,1
240,Airtel,M,33,"Uttar Pradesh",Mumbai,760751,2020-01-02,3,38322,38,29,8081,1
241,"Reliance Jio",F,69,Haryana,Delhi,270920,2020-01-02,0,33654,21,12,6522,0
242,"Reliance Jio",F,22,Uttarakhand,Kolkata,918104,2020-01-02,2,47542,51,48,-393,0
243,Vodafone,F,33,"Arunachal Pradesh",Kolkata,856931,2020-01-02,0,75395,29,46,4116,0
244,Vodafone,F,31,"Himachal Pradesh",Chennai,698625,2020-01-02,1,84898,-4,20,5952,0
245,Vodafone,F,33,Uttarakhand,Hyderabad,125634,2020-01-02,4,40232,69,1,3798,0
246,"Reliance Jio",M,42,Telangana,Kolkata,317292,2020-01-02,3,101163,107,11,6496,0
247,Airtel,F,31,Maharashtra,Kolkata,666591,2020-01-02,3,67608,52,39,3784,0
248,Vodafone,M,39,Chhattisgarh,Kolkata,755020,2020-01-02,0,80822,33,46,6921,0
249,Airtel,F,27,Rajasthan,Mumbai,458614,2020-01-02,4,103388,18,35,8840,0
250,Airtel,M,59,Nagaland,Delhi,241435,2020-01-02,2,78218,-4,22,8154,0
251,"Reliance Jio",M,74,"Tamil Nadu",Mumbai,172165,2020-01-02,2,135742,56,39,7323,0
252,BSNL,M,62,Chhattisgarh,Hyderabad,268122,2020-01-02,1,130282,47,36,3941,1
253,Airtel,M,63,Assam,Hyderabad,742583,2020-01-02,0,139202,5,-1,1811,0
254,Airtel,M,31,Maharashtra,Bangalore,301810,2020-01-02,0,146742,10,14,7102,0
255,Vodafone,F,29,Bihar,Hyderabad,981841,2020-01-02,3,114515,75,21,5707,0
256,Vodafone,M,29,Maharashtra,Kolkata,162519,2020-01-02,4,147761,20,27,2202,0
257,BSNL,M,21,Gujarat,Mumbai,554079,2020-01-02,4,40854,8,28,1326,0
258,"Reliance Jio",F,44,Bihar,Chennai,595196,2020-01-02,2,121363,22,11,4357,0
259,Airtel,M,45,Chhattisgarh,Mumbai,731397,2020-01-02,0,73602,87,46,396,0
260,Airtel,F,33,Kerala,Bangalore,827526,2020-01-02,0,119465,72,41,4484,0
261,BSNL,M,32,Jharkhand,Hyderabad,909182,2020-01-02,2,26934,105,20,3976,0
262,Vodafone,M,59,"Andhra Pradesh",Delhi,679237,2020-01-02,1,28888,37,22,4306,0
263,"Reliance Jio",F,70,Bihar,Delhi,393485,2020-01-02,2,31889,19,12,897,0
264,Airtel,M,35,Punjab,Mumbai,806688,2020-01-02,0,142177,59,22,7049,0
265,BSNL,M,63,"Arunachal Pradesh",Chennai,449434,2020-01-02,2,94172,15,36,6709,0
266,Airtel,M,25,Bihar,Delhi,500993,2020-01-02,0,39224,97,44,7861,1
267,Vodafone,M,73,Nagaland,Bangalore,601397,2020-01-02,2,137334,38,14,967,1
268,"Reliance Jio",M,69,Odisha,Bangalore,414830,2020-01-02,2,105856,64,24,1334,0
269,BSNL,F,73,Punjab,Bangalore,971233,2020-01-02,4,65791,61,28,4907,0
270,"Reliance Jio",F,71,Bihar,Bangalore,370304,2020-01-02,0,58985,83,8,5596,1
271,"Reliance Jio",F,36,Haryana,Hyderabad,792670,2020-01-02,3,112741,53,24,3480,0
272,Vodafone,F,18,"Madhya Pradesh",Mumbai,423145,2020-01-02,4,127991,6,42,1171,1
273,Airtel,F,60,Chhattisgarh,Bangalore,246556,2020-01-02,2,104425,36,35,8129,0
274,Vodafone,M,60,Haryana,Delhi,775862,2020-01-02,0,134937,30,26,2296,0
275,Airtel,F,63,Mizoram,Hyderabad,970963,2020-01-02,4,149325,106,5,7993,1
276,Airtel,M,37,Bihar,Bangalore,978459,2020-01-02,3,129980,19,8,6013,0
277,"Reliance Jio",M,63,Jharkhand,Mumbai,145183,2020-01-02,4,112865,67,14,3488,0
278,BSNL,M,74,Bihar,Kolkata,822349,2020-01-02,3,101394,89,33,3106,1
279,Vodafone,M,24,Assam,Hyderabad,563153,2020-01-02,4,147010,78,41,1352,0
280,Airtel,F,73,"Andhra Pradesh",Chennai,439795,2020-01-02,0,47621,99,15,844,0
281,Airtel,F,55,Gujarat,Kolkata,804590,2020-01-02,4,84239,43,3,976,0
282,"Reliance Jio",F,72,Nagaland,Delhi,990356,2020-01-02,2,22514,28,28,10385,0
283,"Reliance Jio",F,33,Telangana,Bangalore,428664,2020-01-02,1,43005,-1,-4,1595,0
284,Airtel,M,57,Nagaland,Mumbai,419359,2020-01-02,4,118360,54,43,3670,0
285,BSNL,M,23,Gujarat,Mumbai,183348,2020-01-02,3,103474,4,48,2846,0
286,Vodafone,M,19,Sikkim,Kolkata,422715,2020-01-02,0,109872,37,24,7806,0
287,Vodafone,F,18,Jharkhand,Kolkata,220612,2020-01-02,3,80143,39,-4,-316,0
288,BSNL,F,66,Punjab,Mumbai,247365,2020-01-02,3,50103,50,31,2679,0
289,Vodafone,F,63,Uttarakhand,Mumbai,801611,2020-01-02,0,30879,17,21,5772,0
290,Vodafone,M,42,"Himachal Pradesh",Kolkata,962922,2020-01-02,1,127552,54,37,3315,0
291,"Reliance Jio",M,18,Mizoram,Bangalore,906833,2020-01-02,1,72410,75,6,6299,0
292,"Reliance Jio",M,20,"Andhra Pradesh",Bangalore,852794,2020-01-02,1,70189,57,5,2937,0
293,BSNL,M,44,"Andhra Pradesh",Kolkata,806657,2020-01-02,4,40046,67,26,2018,0
294,"Reliance Jio",F,28,Jharkhand,Bangalore,279014,2020-01-02,4,83611,57,44,1725,1
295,Airtel,F,62,Haryana,Bangalore,943326,2020-01-02,2,124007,65,1,2317,1
296,BSNL,F,49,"West Bengal",Delhi,924404,2020-01-02,1,121486,27,26,3744,0
297,Airtel,F,23,Tripura,Kolkata,588222,2020-01-02,1,122360,32,9,5429,0
298,BSNL,M,46,Goa,Delhi,176302,2020-01-02,2,131904,1,21,2991,1
299,Vodafone,M,73,"Himachal Pradesh",Delhi,776231,2020-01-02,4,84961,54,16,5320,0
300,BSNL,M,55,Assam,Kolkata,439577,2020-01-02,1,83930,81,27,2832,0
301,Vodafone,M,54,"Andhra Pradesh",Bangalore,105199,2020-01-02,1,110342,86,11,3011,0
302,Vodafone,F,40,Rajasthan,Bangalore,373900,2020-01-02,2,46368,35,12,1966,0
303,"Reliance Jio",M,21,Meghalaya,Bangalore,800847,2020-01-02,1,24120,99,-3,5800,0
304,Vodafone,M,49,Punjab,Kolkata,522654,2020-01-02,0,72885,10,21,4018,0
305,BSNL,F,46,Assam,Mumbai,588033,2020-01-02,3,125247,52,20,6976,0
306,Vodafone,M,54,Gujarat,Bangalore,376073,2020-01-02,4,125090,77,35,4856,0
307,BSNL,F,54,"Uttar Pradesh",Mumbai,321749,2020-01-02,3,88196,42,20,4897,0
308,Airtel,F,45,Sikkim,Kolkata,513507,2020-01-02,4,116297,43,20,4289,0
309,"Reliance Jio",M,64,Odisha,Hyderabad,150239,2020-01-02,1,54157,58,43,1520,0
310,BSNL,M,18,Chhattisgarh,Delhi,408299,2020-01-02,0,94168,15,29,7737,0
311,Vodafone,M,19,Assam,Chennai,625921,2020-01-02,0,30544,50,30,1477,1
312,"Reliance Jio",M,64,Uttarakhand,Bangalore,484816,2020-01-02,2,126417,76,5,3422,0
313,"Reliance Jio",M,18,"Arunachal Pradesh",Hyderabad,329988,2020-01-02,0,109455,5,43,1004,0
314,Vodafone,M,66,Goa,Delhi,467268,2020-01-02,2,84945,50,35,3104,0
315,Vodafone,F,29,"Andhra Pradesh",Delhi,235974,2020-01-02,1,20806,92,2,3461,1
316,"Reliance Jio",F,71,"Andhra Pradesh",Bangalore,730980,2020-01-02,3,41732,105,30,6536,1
317,BSNL,F,23,Gujarat,Hyderabad,538935,2020-01-02,3,111960,84,34,4752,0
318,Airtel,M,47,"Himachal Pradesh",Kolkata,534424,2020-01-02,1,65486,11,15,9928,0
319,Airtel,M,33,"Madhya Pradesh",Kolkata,926241,2020-01-02,0,133702,84,19,3928,0
320,Vodafone,M,20,Haryana,Delhi,155614,2020-01-02,3,53713,104,10,5950,0
321,"Reliance Jio",F,26,"Arunachal Pradesh",Kolkata,370260,2020-01-02,2,42786,28,1,4321,0
322,Vodafone,M,40,Uttarakhand,Hyderabad,935405,2020-01-02,4,48102,91,49,4223,0
323,"Reliance Jio",M,49,Bihar,Mumbai,191441,2020-01-02,2,73315,13,45,3755,0
324,Airtel,M,21,"West Bengal",Mumbai,444300,2020-01-02,0,77800,15,37,2079,0
325,Vodafone,M,51,Gujarat,Chennai,633872,2020-01-02,0,74585,50,26,7700,0
326,"Reliance Jio",F,73,Telangana,Kolkata,676103,2020-01-02,0,56032,28,44,7653,0
327,Airtel,M,69,"Tamil Nadu",Chennai,337217,2020-01-02,2,84544,14,28,9884,0
328,"Reliance Jio",M,47,Manipur,Delhi,676461,2020-01-02,0,42454,58,8,8520,0
329,"Reliance Jio",F,33,Tripura,Bangalore,788869,2020-01-02,3,142201,32,43,8262,0
330,Airtel,F,44,Gujarat,Mumbai,465349,2020-01-02,4,83967,44,43,2533,0
331,"Reliance Jio",F,66,Gujarat,Bangalore,566460,2020-01-02,0,87045,57,24,1301,0
332,Vodafone,M,28,"West Bengal",Kolkata,890268,2020-01-02,2,82306,70,46,1261,0
333,Vodafone,M,33,"Arunachal Pradesh",Delhi,112822,2020-01-02,3,52681,64,47,3293,0
334,Airtel,M,43,Assam,Kolkata,308488,2020-01-02,1,110758,34,44,3017,1
335,Airtel,F,73,"West Bengal",Kolkata,925035,2020-01-02,3,81795,80,9,328,0
336,"Reliance Jio",F,70,"Tamil Nadu",Hyderabad,591057,2020-01-02,4,42657,81,29,1563,0
337,"Reliance Jio",M,43,"Tamil Nadu",Chennai,696454,2020-01-02,4,132775,49,4,3305,0
338,BSNL,M,58,Karnataka,Chennai,722664,2020-01-02,1,74129,26,37,2654,0
339,BSNL,M,39,"Himachal Pradesh",Delhi,779893,2020-01-02,3,34432,66,11,2659,0
340,Airtel,M,54,"Tamil Nadu",Hyderabad,974920,2020-01-02,1,62846,98,15,5876,0
341,"Reliance Jio",M,24,Telangana,Chennai,479889,2020-01-02,0,136740,29,26,4601,0
342,BSNL,F,49,Jharkhand,Kolkata,644139,2020-01-02,1,49830,9,14,1533,0
343,Airtel,M,57,"Himachal Pradesh",Delhi,212297,2020-01-02,0,117355,50,38,6185,0
344,BSNL,F,46,Assam,Bangalore,486162,2020-01-02,0,104717,80,8,7487,0
345,Vodafone,M,27,Telangana,Mumbai,715839,2020-01-02,1,91209,81,44,2843,0
346,Airtel,M,38,Gujarat,Hyderabad,745481,2020-01-02,4,102092,86,43,3811,0
347,BSNL,M,20,"Tamil Nadu",Hyderabad,838969,2020-01-02,2,97864,35,7,5314,0
348,Airtel,F,60,"West Bengal",Bangalore,534225,2020-01-02,3,76335,10,35,10387,0
349,Airtel,M,38,Jharkhand,Mumbai,805240,2020-01-02,1,50984,-6,1,2232,0
350,"Reliance Jio",M,19,Maharashtra,Kolkata,338039,2020-01-02,4,116019,89,4,2234,1
351,BSNL,M,51,Telangana,Kolkata,660501,2020-01-02,0,73942,73,3,8482,0
352,BSNL,M,43,Haryana,Chennai,134717,2020-01-02,4,135229,17,13,3821,0
353,Airtel,M,38,Gujarat,Hyderabad,177754,2020-01-02,3,37512,29,35,4781,0
354,Airtel,F,57,Telangana,Chennai,207971,2020-01-02,4,29752,75,48,4848,0
355,"Reliance Jio",M,33,Assam,Mumbai,542758,2020-01-02,4,131042,15,20,6324,0
356,BSNL,M,25,"Madhya Pradesh",Chennai,731199,2020-01-02,3,76568,16,28,5449,0
357,Vodafone,F,31,Goa,Kolkata,142807,2020-01-02,1,93415,44,10,2612,0
358,Vodafone,F,26,Manipur,Chennai,948953,2020-01-02,3,104369,31,32,9497,1
359,Airtel,M,40,"Madhya Pradesh",Hyderabad,507488,2020-01-02,0,112603,3,41,1269,0
360,Vodafone,M,70,"Uttar Pradesh",Mumbai,805405,2020-01-02,0,123779,69,37,3444,0
361,Airtel,F,27,Odisha,Hyderabad,585734,2020-01-02,3,107068,71,4,8938,0
362,"Reliance Jio",M,26,Meghalaya,Mumbai,310270,2020-01-02,1,118266,40,19,4522,1
363,Vodafone,M,60,Bihar,Mumbai,378746,2020-01-02,1,67099,24,13,5979,0
364,BSNL,F,35,"Tamil Nadu",Chennai,316031,2020-01-02,0,92677,9,28,6876,0
365,BSNL,M,40,Assam,Chennai,654900,2020-01-02,0,103965,45,27,3814,0
366,Airtel,M,21,Meghalaya,Chennai,901674,2020-01-02,0,102173,98,10,7145,1
367,Airtel,M,71,Gujarat,Hyderabad,829776,2020-01-02,2,57910,88,34,6214,0
368,Airtel,F,55,"Tamil Nadu",Delhi,877214,2020-01-02,2,100210,95,47,9829,0
369,"Reliance Jio",M,33,Mizoram,Kolkata,148484,2020-01-02,2,132500,102,0,5008,0
370,Vodafone,F,60,Assam,Bangalore,458540,2020-01-02,3,43179,89,17,5521,0
371,Airtel,F,51,Uttarakhand,Mumbai,655304,2020-01-02,0,40940,46,2,7409,1
372,BSNL,F,23,Nagaland,Hyderabad,196644,2020-01-02,0,137564,-1,30,7553,0
373,Vodafone,M,31,Goa,Bangalore,493842,2020-01-02,3,132732,73,29,4584,0
374,Airtel,F,49,Jharkhand,Mumbai,245269,2020-01-02,4,35809,85,46,5392,0
375,Vodafone,M,18,Karnataka,Kolkata,778167,2020-01-02,4,109880,25,4,2974,0
376,Vodafone,F,62,"Himachal Pradesh",Kolkata,880523,2020-01-02,3,71276,50,17,4318,0
377,Airtel,F,61,"Andhra Pradesh",Mumbai,840552,2020-01-02,4,104056,27,17,7331,1
378,"Reliance Jio",M,45,Gujarat,Chennai,930576,2020-01-02,4,108830,69,49,5900,0
379,BSNL,F,31,Mizoram,Delhi,274339,2020-01-02,2,48070,59,20,7556,0
380,Vodafone,F,24,"Uttar Pradesh",Mumbai,663047,2020-01-02,4,109504,-5,45,10244,0
381,BSNL,M,29,"Tamil Nadu",Delhi,102293,2020-01-02,0,128897,77,46,2351,0
382,Vodafone,M,57,Bihar,Hyderabad,143783,2020-01-02,0,28097,1,24,6184,1
383,Airtel,M,56,Telangana,Chennai,874288,2020-01-02,1,62086,71,5,8838,0
384,Airtel,M,25,Kerala,Hyderabad,709759,2020-01-02,4,23184,9,14,1390,0
385,Vodafone,F,39,Jharkhand,Hyderabad,242734,2020-01-02,1,77635,85,40,579,0
386,Airtel,F,50,Rajasthan,Hyderabad,286573,2020-01-02,0,104420,15,-2,8251,0
387,"Reliance Jio",M,52,"Arunachal Pradesh",Hyderabad,654561,2020-01-02,0,101109,35,32,650,0
388,Vodafone,M,42,Mizoram,Bangalore,416775,2020-01-02,3,64219,44,24,8730,0
389,Airtel,M,62,"Madhya Pradesh",Chennai,895347,2020-01-02,4,129422,5,5,3657,0
390,BSNL,M,29,"Uttar Pradesh",Delhi,522997,2020-01-02,3,30115,48,12,-508,0
391,Airtel,F,52,Haryana,Delhi,425430,2020-01-02,3,116351,74,6,3800,0
392,BSNL,M,20,"Arunachal Pradesh",Mumbai,960000,2020-01-02,2,33588,86,29,5702,0
393,"Reliance Jio",M,65,Haryana,Hyderabad,182499,2020-01-02,0,117358,64,48,5016,0
394,BSNL,M,20,"Madhya Pradesh",Delhi,290263,2020-01-02,3,54235,66,7,-140,0
395,Vodafone,M,30,Gujarat,Chennai,948152,2020-01-02,4,149187,51,4,9104,0
396,Airtel,M,26,Nagaland,Chennai,427409,2020-01-02,0,62316,12,38,1238,0
397,BSNL,F,47,Uttarakhand,Kolkata,516793,2020-01-02,0,60281,92,10,4671,0
398,"Reliance Jio",M,44,"Himachal Pradesh",Hyderabad,968283,2020-01-02,0,82926,47,43,3690,0
399,"Reliance Jio",F,72,"Tamil Nadu",Chennai,832713,2020-01-02,1,146043,36,13,2179,0
400,Airtel,M,67,Nagaland,Hyderabad,606649,2020-01-02,0,29790,21,42,730,1
401,BSNL,M,73,Chhattisgarh,Bangalore,483398,2020-01-03,0,52898,89,19,4250,0
402,Airtel,M,44,Sikkim,Bangalore,532968,2020-01-03,1,30124,61,37,2316,0
403,Airtel,F,43,Haryana,Delhi,452102,2020-01-03,3,57211,23,6,2980,0
404,BSNL,F,26,Bihar,Chennai,748754,2020-01-03,2,67441,40,10,8583,0
405,"Reliance Jio",M,67,Odisha,Mumbai,169583,2020-01-03,4,49392,-6,7,4692,1
406,BSNL,F,74,"West Bengal",Mumbai,825884,2020-01-03,3,131294,94,19,7892,0
407,BSNL,M,50,"Andhra Pradesh",Mumbai,408635,2020-01-03,1,27602,17,27,8031,0
408,BSNL,M,60,Punjab,Chennai,916505,2020-01-03,1,120060,18,25,4836,0
409,"Reliance Jio",F,26,"Andhra Pradesh",Chennai,837518,2020-01-03,3,45407,51,36,2185,0
410,Vodafone,M,36,"Uttar Pradesh",Bangalore,306217,2020-01-03,1,39286,71,23,1594,1
411,Airtel,F,36,Bihar,Delhi,673521,2020-01-03,1,36370,2,5,8879,0
412,Airtel,F,18,Manipur,Chennai,865254,2020-01-03,2,64552,32,10,8699,0
413,BSNL,F,31,Punjab,Hyderabad,219788,2020-01-03,3,129021,70,45,550,0
414,Vodafone,M,28,Punjab,Bangalore,207677,2020-01-03,3,72116,20,28,7987,0
415,Airtel,M,55,Rajasthan,Bangalore,115054,2020-01-03,3,81137,-2,40,7892,0
416,BSNL,F,28,"Arunachal Pradesh",Kolkata,185579,2020-01-03,3,59589,69,9,2024,0
417,BSNL,M,24,Meghalaya,Kolkata,614931,2020-01-03,3,122632,52,36,9297,0
418,Vodafone,M,53,Tripura,Delhi,152858,2020-01-03,2,82155,87,45,7588,0
419,"Reliance Jio",M,65,"Himachal Pradesh",Bangalore,484608,2020-01-03,0,87182,76,33,4217,0
420,Vodafone,M,49,"Tamil Nadu",Chennai,404259,2020-01-03,1,20908,53,48,555,0
421,BSNL,M,40,Kerala,Hyderabad,744801,2020-01-03,3,96061,74,42,6074,0
422,"Reliance Jio",F,56,Nagaland,Mumbai,882611,2020-01-03,0,103335,77,20,6335,0
423,BSNL,F,62,Gujarat,Bangalore,720965,2020-01-03,4,51444,5,37,1325,0
424,Airtel,F,54,"Andhra Pradesh",Mumbai,302465,2020-01-03,3,32362,102,8,1322,1
425,Vodafone,M,22,Punjab,Chennai,783735,2020-01-03,3,116212,48,30,10274,0
426,BSNL,M,58,Kerala,Chennai,409976,2020-01-03,3,96999,26,31,328,0
427,BSNL,M,58,Manipur,Mumbai,183003,2020-01-03,0,100174,33,44,9654,0
428,BSNL,F,61,Telangana,Mumbai,241114,2020-01-03,3,29781,6,28,4712,1
429,"Reliance Jio",M,44,"Madhya Pradesh",Bangalore,362874,2020-01-03,2,44381,66,10,4855,1
430,Vodafone,M,51,Telangana,Kolkata,141516,2020-01-03,2,148645,20,15,8995,1
431,Airtel,M,70,"Madhya Pradesh",Bangalore,806255,2020-01-03,3,44046,91,30,5356,0
432,Airtel,M,26,Telangana,Delhi,700076,2020-01-03,1,49917,84,16,8639,0
433,"Reliance Jio",F,22,Meghalaya,Bangalore,913824,2020-01-03,3,24963,5,36,682,0
434,Airtel,M,58,"Uttar Pradesh",Mumbai,817740,2020-01-03,1,123671,58,18,4666,1
435,"Reliance Jio",F,70,"Uttar Pradesh",Chennai,272575,2020-01-03,3,45037,20,5,4017,0
436,Airtel,M,69,Maharashtra,Bangalore,396040,2020-01-03,3,81083,9,5,1772,1
437,"Reliance Jio",M,27,Mizoram,Kolkata,723341,2020-01-03,0,130020,84,13,-656,0
438,Vodafone,M,37,"Uttar Pradesh",Kolkata,866584,2020-01-03,1,112351,30,44,-424,0
439,Vodafone,F,60,Sikkim,Bangalore,515906,2020-01-03,0,105193,6,20,938,0
440,Vodafone,F,66,Odisha,Mumbai,975861,2020-01-03,0,103979,75,30,212,0
441,Vodafone,M,73,Chhattisgarh,Chennai,817927,2020-01-03,2,75484,55,10,9357,0
442,Vodafone,M,18,Sikkim,Kolkata,927058,2020-01-03,2,110074,54,15,9673,1
443,BSNL,F,24,Assam,Kolkata,544676,2020-01-03,3,97497,57,23,4268,0
444,Airtel,M,68,"West Bengal",Kolkata,802643,2020-01-03,4,114732,81,42,4317,0
445,"Reliance Jio",M,65,Maharashtra,Mumbai,576962,2020-01-03,4,83949,63,12,6320,0
446,Vodafone,F,41,Karnataka,Kolkata,459186,2020-01-03,1,91019,60,6,1785,0
447,Airtel,M,65,Meghalaya,Chennai,785268,2020-01-03,4,20797,52,32,9263,0
448,BSNL,F,35,"Himachal Pradesh",Hyderabad,117812,2020-01-03,1,99181,71,16,5914,1
449,Vodafone,F,72,"Uttar Pradesh",Delhi,207241,2020-01-03,2,132130,25,29,9872,1
450,BSNL,F,70,Uttarakhand,Bangalore,905927,2020-01-03,1,31918,56,41,7808,0
451,BSNL,M,20,Assam,Mumbai,430272,2020-01-03,4,59533,39,24,9071,0
452,BSNL,M,69,Jharkhand,Delhi,697005,2020-01-03,4,84930,62,49,4426,0
453,Vodafone,F,34,Telangana,Bangalore,934731,2020-01-03,3,82873,70,13,5460,0
454,BSNL,M,36,Karnataka,Kolkata,116274,2020-01-03,1,117088,18,8,3755,0
455,Airtel,M,57,"Tamil Nadu",Chennai,255229,2020-01-03,2,48105,58,45,8920,0
456,BSNL,M,41,Chhattisgarh,Chennai,518181,2020-01-03,4,20038,19,7,1982,0
457,BSNL,M,31,"West Bengal",Mumbai,925911,2020-01-03,1,103809,78,14,2534,0
458,"Reliance Jio",M,25,"Tamil Nadu",Bangalore,119977,2020-01-03,1,120797,18,19,4984,0
459,Vodafone,F,71,Haryana,Chennai,621695,2020-01-03,2,122184,60,44,9649,0
460,Airtel,M,59,Haryana,Hyderabad,101718,2020-01-03,0,48487,44,14,7117,0
461,Vodafone,M,34,Jharkhand,Kolkata,734168,2020-01-03,3,27308,5,3,3688,0
462,Vodafone,F,34,Nagaland,Chennai,372335,2020-01-03,3,51380,21,35,1908,0
463,Airtel,M,53,Kerala,Hyderabad,556851,2020-01-03,2,51401,50,45,3211,0
464,"Reliance Jio",F,70,Nagaland,Kolkata,471384,2020-01-03,4,123031,44,21,7605,1
465,"Reliance Jio",M,71,Uttarakhand,Bangalore,816930,2020-01-03,2,147464,52,12,4259,0
466,BSNL,M,25,Bihar,Delhi,259220,2020-01-03,1,149940,72,7,893,0
467,"Reliance Jio",F,55,Nagaland,Kolkata,814045,2020-01-03,4,71991,7,25,8226,0
468,"Reliance Jio",M,61,Telangana,Bangalore,606604,2020-01-03,1,103765,8,13,8503,1
469,BSNL,M,63,Sikkim,Hyderabad,509373,2020-01-03,2,66128,17,29,2183,0
470,BSNL,F,72,"Uttar Pradesh",Bangalore,108424,2020-01-03,1,124442,44,11,7488,0
471,Airtel,F,46,Sikkim,Kolkata,692826,2020-01-03,2,53404,93,48,2594,1
472,BSNL,F,61,Assam,Hyderabad,366755,2020-01-03,2,31107,59,13,6324,0
473,Vodafone,M,36,Assam,Chennai,588357,2020-01-03,0,97004,89,11,5955,0
474,BSNL,F,23,Tripura,Delhi,816920,2020-01-03,2,71580,75,14,7537,0
475,Airtel,M,41,"Uttar Pradesh",Kolkata,178644,2020-01-03,0,66714,73,3,4083,0
476,Airtel,F,61,Tripura,Chennai,688616,2020-01-03,2,149571,5,43,617,0
477,"Reliance Jio",M,21,"Tamil Nadu",Hyderabad,974466,2020-01-03,2,144303,41,22,8709,0
478,Airtel,M,37,"Tamil Nadu",Hyderabad,515031,2020-01-03,1,25306,32,44,488,0
479,Vodafone,F,69,Odisha,Delhi,813069,2020-01-03,2,129075,62,38,404,0
480,"Reliance Jio",F,38,Odisha,Mumbai,820815,2020-01-03,2,104093,70,19,7216,0
481,Airtel,M,20,Haryana,Hyderabad,276120,2020-01-03,1,52519,89,27,14,0
482,Vodafone,M,23,Nagaland,Delhi,857216,2020-01-03,2,47223,73,26,5490,0
483,Airtel,M,72,Bihar,Hyderabad,609730,2020-01-03,0,107783,84,18,9316,0
484,Vodafone,M,30,Tripura,Kolkata,205906,2020-01-03,3,40077,53,33,1563,1
485,"Reliance Jio",M,30,Kerala,Delhi,746111,2020-01-03,2,68434,26,36,7190,0
486,"Reliance Jio",M,18,Haryana,Bangalore,885225,2020-01-03,4,133046,67,21,1184,0
487,BSNL,F,39,Kerala,Hyderabad,884839,2020-01-03,2,99279,38,30,6893,1
488,Vodafone,F,63,"Tamil Nadu",Chennai,849685,2020-01-03,3,101526,35,24,1610,0
489,Airtel,F,66,Meghalaya,Hyderabad,409777,2020-01-03,4,49211,47,20,-35,0
490,Airtel,M,21,"Andhra Pradesh",Hyderabad,296625,2020-01-03,3,127871,-8,24,7947,0
491,Airtel,F,65,Gujarat,Chennai,134858,2020-01-03,0,75699,78,22,5104,0
492,Airtel,F,73,Haryana,Kolkata,182851,2020-01-03,4,90106,97,46,6760,0
493,Vodafone,M,33,"Tamil Nadu",Mumbai,455946,2020-01-03,1,35944,37,42,9330,1
494,Airtel,F,67,Nagaland,Delhi,512435,2020-01-03,2,116562,23,4,4494,1
495,Airtel,F,41,Uttarakhand,Delhi,439164,2020-01-03,1,63658,73,30,8497,0
496,Vodafone,M,38,Mizoram,Hyderabad,378293,2020-01-03,3,132783,71,49,10229,1
497,Vodafone,M,50,Mizoram,Kolkata,689765,2020-01-03,1,98282,51,13,3597,0
498,Airtel,M,27,Jharkhand,Delhi,627762,2020-01-03,4,24674,23,7,8206,0
499,BSNL,F,34,"West Bengal",Kolkata,506385,2020-01-03,3,29776,60,51,4800,0
500,Airtel,F,36,Sikkim,Delhi,238927,2020-01-03,0,147858,95,33,1601,0
501,BSNL,F,55,Manipur,Bangalore,312255,2020-01-03,0,33928,51,12,4030,0
502,Airtel,M,22,Jharkhand,Bangalore,925116,2020-01-03,1,84699,104,41,3258,1
503,BSNL,M,53,Jharkhand,Delhi,731586,2020-01-03,4,63026,37,12,-307,0
504,Vodafone,M,65,Assam,Kolkata,867100,2020-01-03,3,115456,76,28,8412,0
505,Vodafone,M,68,Sikkim,Kolkata,814618,2020-01-03,1,102265,25,46,9077,0
506,Airtel,M,67,Assam,Hyderabad,493626,2020-01-03,3,66892,34,13,3286,0
507,BSNL,M,23,Kerala,Mumbai,294695,2020-01-03,0,101553,90,15,10125,0
508,"Reliance Jio",M,40,Gujarat,Mumbai,198455,2020-01-03,2,24568,27,10,2691,1
509,BSNL,F,60,"Tamil Nadu",Kolkata,584218,2020-01-03,2,31522,84,4,4482,0
510,Vodafone,M,66,"Andhra Pradesh",Kolkata,743916,2020-01-03,3,136307,92,30,2323,0
511,BSNL,M,57,Telangana,Delhi,962339,2020-01-03,2,121325,46,43,6789,0
512,Vodafone,F,26,Mizoram,Hyderabad,272920,2020-01-03,1,39520,86,29,9446,1
513,BSNL,F,29,"Uttar Pradesh",Delhi,227211,2020-01-03,2,120050,26,3,2691,0
514,"Reliance Jio",F,61,Telangana,Kolkata,853887,2020-01-03,4,43388,32,6,1528,0
515,Airtel,M,73,"Madhya Pradesh",Hyderabad,456752,2020-01-03,1,66301,-1,13,2154,0
516,Airtel,M,62,Assam,Bangalore,455924,2020-01-03,1,39751,92,43,8593,0
517,Vodafone,M,70,Jharkhand,Hyderabad,607675,2020-01-03,1,49984,27,17,2484,1
518,Airtel,M,62,Rajasthan,Hyderabad,127791,2020-01-03,0,135719,83,-2,-767,0
519,"Reliance Jio",M,72,Jharkhand,Delhi,708646,2020-01-03,2,41911,40,35,5262,0
520,Airtel,M,64,Goa,Bangalore,273232,2020-01-03,1,100231,11,20,4591,0
521,Airtel,M,65,Telangana,Kolkata,183943,2020-01-03,1,144521,85,7,2500,0
522,Airtel,M,44,"West Bengal",Delhi,400990,2020-01-03,0,58917,96,43,7408,0
523,"Reliance Jio",M,29,"West Bengal",Kolkata,405980,2020-01-03,3,127353,102,24,46,0
524,BSNL,M,61,Rajasthan,Hyderabad,609588,2020-01-03,2,71266,27,3,5960,0
525,"Reliance Jio",M,67,Goa,Mumbai,355951,2020-01-03,4,38264,96,44,143,0
526,BSNL,M,47,Nagaland,Hyderabad,603288,2020-01-03,2,110063,41,0,7613,1
527,"Reliance Jio",M,58,Uttarakhand,Hyderabad,781307,2020-01-03,0,121046,83,40,2843,0
528,BSNL,M,55,Sikkim,Mumbai,776129,2020-01-03,4,38480,13,44,9302,0
529,Airtel,M,21,Rajasthan,Kolkata,634049,2020-01-03,3,120546,70,27,258,0
530,Airtel,F,31,Mizoram,Bangalore,583675,2020-01-03,4,91738,0,47,2966,0
531,Vodafone,M,64,Kerala,Hyderabad,528896,2020-01-03,0,122486,-3,27,6395,0
532,Vodafone,M,45,Nagaland,Chennai,306697,2020-01-03,1,45761,44,27,4235,0
533,BSNL,M,21,Kerala,Kolkata,694123,2020-01-03,0,71536,47,5,1818,0
534,Airtel,M,65,"Madhya Pradesh",Kolkata,113134,2020-01-03,3,49445,37,3,-221,0
535,"Reliance Jio",M,52,"Madhya Pradesh",Delhi,291689,2020-01-03,0,69862,76,27,2682,0
536,Vodafone,M,34,"Arunachal Pradesh",Delhi,982794,2020-01-03,0,46038,88,22,2467,0
537,Vodafone,F,35,Haryana,Mumbai,648366,2020-01-03,3,55354,50,48,6754,0
538,BSNL,M,22,"Himachal Pradesh",Delhi,710663,2020-01-03,2,49860,50,33,1948,0
539,Vodafone,M,56,Maharashtra,Bangalore,893489,2020-01-03,3,104299,6,25,3532,0
540,Airtel,M,26,"Arunachal Pradesh",Chennai,817280,2020-01-03,2,59908,54,17,1720,0
541,"Reliance Jio",F,21,Gujarat,Chennai,877092,2020-01-03,0,47598,66,18,671,0
542,BSNL,F,38,Odisha,Delhi,158310,2020-01-03,0,83729,53,29,8183,0
543,Airtel,M,46,Manipur,Hyderabad,415373,2020-01-03,3,49828,63,27,8299,0
544,BSNL,F,58,"Andhra Pradesh",Chennai,475004,2020-01-03,0,143116,5,42,8438,1
545,BSNL,M,20,Kerala,Kolkata,198845,2020-01-03,3,143873,96,11,428,0
546,Vodafone,F,25,"Madhya Pradesh",Delhi,789841,2020-01-03,1,69022,28,1,7776,0
547,Vodafone,F,55,Assam,Mumbai,989613,2020-01-03,2,68519,42,40,7983,1
548,"Reliance Jio",M,22,Manipur,Hyderabad,299671,2020-01-03,3,103846,-1,22,7387,0
549,Airtel,F,31,Chhattisgarh,Hyderabad,616511,2020-01-03,1,79200,27,23,6919,0
550,BSNL,M,65,Nagaland,Delhi,589319,2020-01-03,4,90440,5,44,4182,1
551,"Reliance Jio",M,43,"Arunachal Pradesh",Chennai,914337,2020-01-03,0,112179,55,38,-490,0
552,BSNL,M,55,Haryana,Bangalore,824366,2020-01-03,0,63307,0,44,5503,0
553,BSNL,M,30,Sikkim,Chennai,141074,2020-01-03,4,97921,102,4,5550,1
554,"Reliance Jio",F,25,Gujarat,Chennai,981787,2020-01-03,1,93852,102,46,229,0
555,BSNL,F,44,"Tamil Nadu",Hyderabad,607061,2020-01-03,4,94041,64,27,4462,0
556,"Reliance Jio",M,39,Punjab,Bangalore,463921,2020-01-03,2,99339,73,42,8109,0
557,Vodafone,M,44,Telangana,Delhi,609734,2020-01-03,3,35432,13,35,10470,1
558,Airtel,M,45,Odisha,Hyderabad,283264,2020-01-03,4,97714,35,13,4125,0
559,Airtel,F,43,Assam,Hyderabad,893666,2020-01-03,3,52872,36,33,10194,0
560,Vodafone,F,62,Mizoram,Mumbai,322549,2020-01-03,1,140114,52,29,8713,0
561,"Reliance Jio",M,29,"Arunachal Pradesh",Mumbai,744351,2020-01-03,4,84462,87,21,6766,0
562,"Reliance Jio",M,54,Gujarat,Chennai,435454,2020-01-03,3,133190,79,4,1050,1
563,Airtel,M,41,"Uttar Pradesh",Delhi,658408,2020-01-03,4,27403,90,15,9299,0
564,BSNL,M,36,Karnataka,Delhi,657427,2020-01-03,0,137796,57,4,4286,0
565,BSNL,F,45,"West Bengal",Chennai,226944,2020-01-03,4,35060,73,20,6613,0
566,BSNL,M,54,"Himachal Pradesh",Hyderabad,281768,2020-01-03,0,33496,11,36,5467,0
567,BSNL,F,38,Assam,Delhi,487361,2020-01-03,1,56661,57,25,3658,0
568,"Reliance Jio",M,49,Goa,Delhi,757398,2020-01-03,1,141710,10,21,5024,0
569,Airtel,F,47,Gujarat,Hyderabad,123749,2020-01-03,3,103302,9,-4,10432,0
570,Airtel,M,41,Jharkhand,Bangalore,268223,2020-01-03,4,62961,37,14,5834,0
571,"Reliance Jio",M,56,"Tamil Nadu",Chennai,777381,2020-01-03,3,56448,-5,3,3338,1
572,BSNL,F,23,Sikkim,Mumbai,713976,2020-01-03,1,78355,29,45,1176,0
573,Vodafone,M,57,Rajasthan,Kolkata,959863,2020-01-03,1,126213,38,26,534,0
574,"Reliance Jio",F,31,Tripura,Chennai,186885,2020-01-03,1,52906,81,27,5275,0
575,BSNL,F,43,"Himachal Pradesh",Chennai,404858,2020-01-03,1,118265,97,36,317,1
576,Airtel,M,41,Gujarat,Mumbai,248238,2020-01-03,3,71467,32,3,6104,1
577,Airtel,M,51,Chhattisgarh,Mumbai,459465,2020-01-03,3,26780,52,33,7360,0
578,"Reliance Jio",M,22,Maharashtra,Kolkata,137579,2020-01-03,3,94395,68,22,6082,0
579,"Reliance Jio",M,54,Bihar,Delhi,373388,2020-01-03,3,22573,49,34,2975,0
580,BSNL,M,74,"Arunachal Pradesh",Chennai,560321,2020-01-03,4,91138,62,42,3169,0
581,Vodafone,M,66,Rajasthan,Bangalore,768494,2020-01-03,4,99972,10,1,5198,0
582,Vodafone,M,33,Mizoram,Mumbai,224741,2020-01-03,2,26162,93,31,7525,0
583,Airtel,F,68,"Andhra Pradesh",Delhi,439239,2020-01-03,1,52581,60,26,6942,0
584,"Reliance Jio",M,73,"Uttar Pradesh",Chennai,642242,2020-01-03,3,115459,10,42,2708,0
585,Vodafone,F,22,Gujarat,Chennai,219061,2020-01-03,2,36184,60,29,5697,1
586,Airtel,F,40,Meghalaya,Kolkata,989459,2020-01-03,1,28285,23,44,6471,0
587,Airtel,F,40,Kerala,Mumbai,839526,2020-01-03,4,102604,78,5,-65,0
588,BSNL,M,37,"Arunachal Pradesh",Mumbai,808390,2020-01-03,2,27313,18,32,6253,0
589,"Reliance Jio",M,48,Kerala,Chennai,104391,2020-01-03,3,76817,84,16,7203,0
590,Vodafone,M,36,Karnataka,Bangalore,626014,2020-01-03,2,54413,62,28,5117,1
591,BSNL,M,35,"Madhya Pradesh",Bangalore,144981,2020-01-03,2,70485,11,22,7841,0
592,Airtel,M,61,Maharashtra,Chennai,797095,2020-01-03,1,60152,65,29,-125,0
593,"Reliance Jio",M,20,Tripura,Hyderabad,378634,2020-01-03,1,27291,18,21,3248,0
594,BSNL,F,55,Haryana,Bangalore,241698,2020-01-03,4,42005,11,44,5777,0
595,Airtel,M,59,"Arunachal Pradesh",Bangalore,724349,2020-01-03,0,43333,33,24,8435,0
596,BSNL,F,24,"Andhra Pradesh",Chennai,526605,2020-01-03,1,93611,35,20,4626,0
597,Airtel,F,21,Nagaland,Delhi,878215,2020-01-03,4,75823,73,33,2541,1
598,BSNL,F,60,Assam,Mumbai,730139,2020-01-03,4,34164,38,24,1085,0
599,BSNL,M,58,Nagaland,Chennai,914778,2020-01-03,0,94614,14,28,6873,0
600,BSNL,F,36,Maharashtra,Mumbai,459256,2020-01-03,3,103577,26,21,2314,1
601,BSNL,M,41,Bihar,Hyderabad,742739,2020-01-04,2,46474,58,18,7964,0
602,BSNL,F,31,"Andhra Pradesh",Delhi,875730,2020-01-04,0,87962,19,6,799,0
603,Airtel,M,60,"Himachal Pradesh",Mumbai,101722,2020-01-04,4,143361,29,49,5951,0
604,"Reliance Jio",F,74,Haryana,Bangalore,955414,2020-01-04,0,40553,1,11,2819,0
605,Vodafone,F,29,Maharashtra,Bangalore,696973,2020-01-04,1,64743,94,34,8803,0
606,BSNL,F,58,Odisha,Bangalore,565669,2020-01-04,3,36628,28,30,513,0
607,Vodafone,F,26,Goa,Delhi,928275,2020-01-04,4,82017,38,49,6397,0
608,Vodafone,M,66,"Andhra Pradesh",Kolkata,259353,2020-01-04,1,50606,94,38,1311,0
609,"Reliance Jio",M,73,Manipur,Mumbai,304831,2020-01-04,1,149124,36,-2,6958,0
610,BSNL,M,44,Rajasthan,Mumbai,884292,2020-01-04,3,63238,103,30,4267,0
611,Vodafone,M,19,Meghalaya,Hyderabad,199088,2020-01-04,0,132309,56,45,5178,0
612,Airtel,F,22,Gujarat,Bangalore,396640,2020-01-04,4,44523,42,52,3377,0
613,Airtel,M,43,Punjab,Hyderabad,630565,2020-01-04,1,68207,42,27,5841,1
614,BSNL,M,47,Goa,Mumbai,331651,2020-01-04,2,101683,19,25,1950,0
615,Vodafone,M,27,Rajasthan,Mumbai,302453,2020-01-04,3,64387,29,36,5642,0
616,Vodafone,F,37,Goa,Kolkata,212522,2020-01-04,4,99950,20,48,1449,1
617,Airtel,M,43,"Uttar Pradesh",Mumbai,496141,2020-01-04,3,143446,38,16,3075,0
618,BSNL,M,64,Uttarakhand,Mumbai,557906,2020-01-04,1,101528,6,43,5951,1
619,Airtel,M,24,Punjab,Chennai,459918,2020-01-04,4,127065,6,39,1615,0
620,"Reliance Jio",M,29,Assam,Delhi,439872,2020-01-04,4,119793,63,23,1351,0
621,Vodafone,F,50,Chhattisgarh,Hyderabad,353533,2020-01-04,2,137763,45,16,10439,0
622,"Reliance Jio",M,32,Bihar,Chennai,927621,2020-01-04,4,31730,56,28,91,0
623,Vodafone,M,43,Assam,Delhi,466876,2020-01-04,0,118919,39,3,2520,0
624,Vodafone,M,67,Assam,Kolkata,673215,2020-01-04,2,27016,34,9,2255,0
625,Vodafone,F,49,Haryana,Chennai,662255,2020-01-04,2,63554,37,27,6627,0
626,"Reliance Jio",F,38,"Andhra Pradesh",Delhi,895136,2020-01-04,1,93879,30,30,2102,0
627,Vodafone,F,51,Odisha,Bangalore,481904,2020-01-04,1,105253,94,43,3694,0
628,Airtel,F,36,Meghalaya,Kolkata,148854,2020-01-04,1,94833,82,-2,3810,1
629,Vodafone,M,55,"Madhya Pradesh",Hyderabad,529425,2020-01-04,4,99518,82,5,3952,0
630,Airtel,M,31,"Andhra Pradesh",Mumbai,476773,2020-01-04,2,36384,83,22,7107,0
631,Airtel,F,33,Goa,Mumbai,135639,2020-01-04,2,141161,34,42,1931,0
632,Vodafone,F,74,"Tamil Nadu",Kolkata,804222,2020-01-04,0,113707,33,37,3266,0
633,Vodafone,M,18,Haryana,Mumbai,400115,2020-01-04,0,125189,36,50,2599,0
634,"Reliance Jio",F,71,Rajasthan,Chennai,160659,2020-01-04,1,40123,50,32,9877,0
635,"Reliance Jio",M,73,Karnataka,Chennai,317773,2020-01-04,1,69493,56,8,2341,0
636,Vodafone,F,28,Sikkim,Chennai,154319,2020-01-04,2,106904,29,48,4037,0
637,Airtel,M,18,Chhattisgarh,Chennai,853875,2020-01-04,1,89736,62,16,3496,1
638,BSNL,M,38,Telangana,Kolkata,989340,2020-01-04,0,100447,14,9,3950,0
639,Airtel,F,23,"Uttar Pradesh",Mumbai,613059,2020-01-04,1,79122,6,35,8368,0
640,BSNL,F,19,"Madhya Pradesh",Chennai,218489,2020-01-04,4,50046,1,51,385,0
641,Vodafone,M,28,Rajasthan,Delhi,342665,2020-01-04,3,47171,31,29,3796,0
642,Airtel,M,25,Odisha,Hyderabad,709696,2020-01-04,2,89466,18,9,4396,0
643,"Reliance Jio",F,29,Chhattisgarh,Bangalore,859513,2020-01-04,3,125900,86,17,183,0
644,"Reliance Jio",M,46,Goa,Chennai,330579,2020-01-04,0,103623,101,24,1242,0
645,Airtel,M,65,Telangana,Kolkata,449646,2020-01-04,0,82424,64,2,8611,0
646,"Reliance Jio",M,31,"Uttar Pradesh",Bangalore,515015,2020-01-04,2,74050,35,32,784,0
647,BSNL,F,22,Gujarat,Hyderabad,948071,2020-01-04,3,111956,89,17,7155,0
648,Vodafone,F,33,Odisha,Bangalore,376336,2020-01-04,4,137726,38,23,10854,0
649,Vodafone,M,45,Goa,Hyderabad,737455,2020-01-04,2,63082,41,42,9244,0
650,Vodafone,F,24,Karnataka,Mumbai,692995,2020-01-04,0,27260,65,45,2415,0
651,Vodafone,F,44,"Andhra Pradesh",Delhi,398398,2020-01-04,2,136870,-1,41,8890,0
652,"Reliance Jio",F,63,"West Bengal",Mumbai,843273,2020-01-04,3,85638,40,6,3885,0
653,"Reliance Jio",M,19,Karnataka,Bangalore,345041,2020-01-04,3,119249,42,32,3228,0
654,BSNL,M,40,"West Bengal",Hyderabad,763432,2020-01-04,0,133295,12,49,2420,0
655,Airtel,M,23,Meghalaya,Kolkata,249827,2020-01-04,0,121242,27,14,8519,1
656,Vodafone,M,42,"Arunachal Pradesh",Mumbai,925231,2020-01-04,3,138618,72,-2,274,0
657,"Reliance Jio",F,72,Chhattisgarh,Mumbai,258816,2020-01-04,2,77199,83,17,7577,0
658,BSNL,F,42,Manipur,Kolkata,224794,2020-01-04,1,44261,18,25,7039,0
659,Airtel,M,41,Kerala,Hyderabad,701388,2020-01-04,1,108934,90,28,6950,0
660,Airtel,M,40,"Himachal Pradesh",Mumbai,379221,2020-01-04,4,36279,88,34,6031,1
661,"Reliance Jio",M,33,Rajasthan,Hyderabad,583001,2020-01-04,1,108098,23,3,8360,0
662,"Reliance Jio",F,39,"Himachal Pradesh",Hyderabad,436656,2020-01-04,2,140857,12,20,4479,0
663,"Reliance Jio",F,68,Assam,Mumbai,758253,2020-01-04,3,136126,78,45,3104,1
664,BSNL,M,73,Bihar,Bangalore,379863,2020-01-04,0,126677,77,5,7696,0
665,Vodafone,F,71,Mizoram,Kolkata,601939,2020-01-04,4,75785,80,37,9076,0
666,"Reliance Jio",M,60,Karnataka,Delhi,157897,2020-01-04,1,107644,77,20,5103,0
667,Airtel,F,60,"Tamil Nadu",Delhi,836794,2020-01-04,0,45328,64,35,992,0
668,Vodafone,M,46,"West Bengal",Delhi,611381,2020-01-04,1,135149,62,-2,8880,1
669,Vodafone,F,65,Maharashtra,Bangalore,742640,2020-01-04,2,108372,39,29,5368,0
670,BSNL,M,53,Uttarakhand,Bangalore,698361,2020-01-04,2,76983,20,10,5594,0
671,Airtel,M,54,Sikkim,Delhi,803905,2020-01-04,1,93101,48,39,10064,0
672,"Reliance Jio",M,39,Sikkim,Hyderabad,273257,2020-01-04,3,112435,20,39,10486,0
673,BSNL,F,63,Telangana,Mumbai,371078,2020-01-04,3,110823,43,8,888,0
674,Airtel,M,27,Karnataka,Mumbai,748838,2020-01-04,4,137047,22,17,1365,1
675,BSNL,M,69,Bihar,Delhi,999941,2020-01-04,4,23262,83,7,724,1
676,Vodafone,F,32,Nagaland,Hyderabad,392023,2020-01-04,2,47985,15,33,6948,1
677,"Reliance Jio",M,58,"Andhra Pradesh",Hyderabad,925250,2020-01-04,4,24407,21,24,3655,0
678,Vodafone,F,52,Manipur,Bangalore,953545,2020-01-04,1,120660,77,3,5485,1
679,Airtel,M,55,"Tamil Nadu",Bangalore,246172,2020-01-04,2,27294,95,32,1797,0
680,Airtel,M,36,Meghalaya,Kolkata,682850,2020-01-04,0,100778,4,9,3916,0
681,"Reliance Jio",M,67,Manipur,Kolkata,379186,2020-01-04,1,105219,93,43,1482,1
682,BSNL,M,37,Gujarat,Chennai,166913,2020-01-04,1,30290,33,18,48,0
683,Vodafone,M,49,Tripura,Delhi,186429,2020-01-04,1,79208,22,24,-169,1
684,"Reliance Jio",M,33,"Arunachal Pradesh",Delhi,121855,2020-01-04,0,134031,67,24,4074,0
685,Vodafone,F,21,"Uttar Pradesh",Delhi,992244,2020-01-04,2,58510,42,6,3824,0
686,BSNL,M,41,"Arunachal Pradesh",Delhi,444891,2020-01-04,3,55373,46,8,-654,0
687,"Reliance Jio",M,33,"West Bengal",Bangalore,977016,2020-01-04,4,72930,-3,42,3905,0
688,"Reliance Jio",F,60,Manipur,Chennai,115363,2020-01-04,2,53590,50,45,6747,0
689,BSNL,M,32,"Uttar Pradesh",Hyderabad,102782,2020-01-04,2,79797,45,4,7037,0
690,Vodafone,F,64,Rajasthan,Kolkata,388044,2020-01-04,4,91298,86,1,8041,1
691,"Reliance Jio",M,31,Nagaland,Bangalore,511833,2020-01-04,2,52446,8,19,6927,0
692,BSNL,F,67,Maharashtra,Kolkata,727117,2020-01-04,2,32774,11,45,7020,0
693,"Reliance Jio",M,65,"Uttar Pradesh",Mumbai,915310,2020-01-04,1,22886,29,47,4431,0
694,BSNL,M,23,"West Bengal",Hyderabad,836063,2020-01-04,3,135884,13,33,4728,1
695,BSNL,M,59,Mizoram,Delhi,331333,2020-01-04,3,79076,14,10,3628,1
696,"Reliance Jio",M,43,Assam,Mumbai,704576,2020-01-04,4,119598,23,46,8792,0
697,"Reliance Jio",F,53,"Arunachal Pradesh",Mumbai,461755,2020-01-04,0,44839,30,29,515,0
698,"Reliance Jio",M,44,Assam,Kolkata,764910,2020-01-04,1,119942,60,18,3019,0
699,"Reliance Jio",M,73,Bihar,Chennai,177041,2020-01-04,0,51009,37,16,8730,0
700,Vodafone,F,61,Sikkim,Kolkata,384185,2020-01-04,3,20190,14,36,5500,0
701,BSNL,M,20,"Madhya Pradesh",Delhi,425603,2020-01-04,2,29437,90,47,8867,0
702,"Reliance Jio",M,64,Meghalaya,Mumbai,713436,2020-01-04,1,86197,18,48,2735,0
703,"Reliance Jio",M,54,"Arunachal Pradesh",Mumbai,487675,2020-01-04,0,70843,53,38,4050,0
704,BSNL,F,55,Mizoram,Mumbai,150985,2020-01-04,1,77793,86,11,8725,0
705,Airtel,F,46,Maharashtra,Kolkata,876575,2020-01-04,0,102507,74,24,7127,0
706,BSNL,F,29,Rajasthan,Delhi,301778,2020-01-04,3,20276,72,24,9386,0
707,"Reliance Jio",M,48,Chhattisgarh,Chennai,447070,2020-01-04,0,66667,97,34,8951,0
708,Vodafone,M,23,"Himachal Pradesh",Delhi,529637,2020-01-04,0,147511,21,29,6212,0
709,Vodafone,M,59,Karnataka,Bangalore,993822,2020-01-04,0,82263,82,30,8821,0
710,BSNL,M,60,"Himachal Pradesh",Mumbai,824935,2020-01-04,0,76609,77,38,5665,0
711,Airtel,M,32,Bihar,Bangalore,929243,2020-01-04,0,64800,43,9,6550,0
712,"Reliance Jio",F,74,Sikkim,Chennai,945713,2020-01-04,1,137261,72,25,5148,1
713,BSNL,M,51,Odisha,Bangalore,703760,2020-01-04,4,43053,23,47,4249,0
714,Airtel,F,47,Karnataka,Bangalore,490333,2020-01-04,0,114008,70,16,6246,0
715,BSNL,F,29,Uttarakhand,Delhi,332622,2020-01-04,2,50737,85,46,2072,0
716,"Reliance Jio",M,25,"Madhya Pradesh",Hyderabad,179679,2020-01-04,1,36525,93,28,4312,0
717,BSNL,M,49,Rajasthan,Hyderabad,899389,2020-01-04,0,125060,67,25,8469,0
718,BSNL,M,72,"Himachal Pradesh",Chennai,479398,2020-01-04,4,106065,25,28,1365,0
719,Airtel,M,55,Manipur,Chennai,573662,2020-01-04,0,87017,32,47,8436,0
720,BSNL,F,61,Haryana,Hyderabad,667727,2020-01-04,3,45524,28,25,7733,0
721,"Reliance Jio",F,20,Meghalaya,Delhi,287831,2020-01-04,0,134822,79,12,7059,0
722,Airtel,M,22,"Arunachal Pradesh",Bangalore,799972,2020-01-04,2,128716,23,5,2208,0
723,BSNL,F,72,Sikkim,Delhi,626910,2020-01-04,2,94739,35,0,498,0
724,"Reliance Jio",F,69,Manipur,Bangalore,484129,2020-01-04,1,113861,1,29,4393,0
725,Vodafone,M,68,"West Bengal",Mumbai,258363,2020-01-04,4,71749,80,-2,3974,0
726,Airtel,M,55,"Himachal Pradesh",Hyderabad,584143,2020-01-04,1,26660,31,39,7373,0
727,Vodafone,F,40,Punjab,Mumbai,376205,2020-01-04,1,47891,53,33,2705,0
728,"Reliance Jio",M,51,Chhattisgarh,Bangalore,879747,2020-01-04,0,118620,23,22,6048,1
729,Vodafone,F,65,Bihar,Mumbai,706167,2020-01-04,1,40232,22,42,-91,1
730,Vodafone,F,69,"Himachal Pradesh",Delhi,326677,2020-01-04,4,84873,39,6,7501,0
731,Vodafone,F,51,"West Bengal",Chennai,758237,2020-01-04,1,31147,8,3,-733,1
732,Vodafone,M,31,Meghalaya,Delhi,784928,2020-01-04,3,72870,57,44,7065,0
733,Vodafone,M,21,"Andhra Pradesh",Bangalore,819766,2020-01-04,1,95828,31,39,4663,0
734,Airtel,F,47,Karnataka,Kolkata,537724,2020-01-04,1,103554,-6,3,5319,1
735,"Reliance Jio",M,62,Nagaland,Chennai,912103,2020-01-04,3,105951,107,10,2205,0
736,"Reliance Jio",F,38,Karnataka,Delhi,513074,2020-01-04,1,113651,38,37,2698,0
737,Airtel,M,57,Jharkhand,Kolkata,716525,2020-01-04,4,91593,-8,23,9212,0
738,"Reliance Jio",F,30,"Tamil Nadu",Delhi,214220,2020-01-04,2,62077,10,29,7550,0
739,"Reliance Jio",F,35,"Andhra Pradesh",Bangalore,115268,2020-01-04,4,133515,45,51,6199,0
740,"Reliance Jio",F,40,Bihar,Bangalore,202102,2020-01-04,1,24696,42,12,3999,0
741,Vodafone,F,59,"Andhra Pradesh",Chennai,863431,2020-01-04,4,90749,9,17,1169,1
742,"Reliance Jio",M,66,Telangana,Delhi,483738,2020-01-04,4,141228,57,22,5477,0
743,Airtel,F,30,Rajasthan,Bangalore,663091,2020-01-04,3,116296,61,46,1193,1
744,"Reliance Jio",M,46,Bihar,Chennai,240410,2020-01-04,2,65237,51,3,4598,0
745,BSNL,M,48,Assam,Delhi,763649,2020-01-04,0,76062,74,25,8417,1
746,"Reliance Jio",M,47,Punjab,Kolkata,561525,2020-01-04,3,43890,45,15,6351,1
747,Vodafone,M,26,Maharashtra,Bangalore,954643,2020-01-04,4,37087,36,24,5830,0
748,Vodafone,F,71,Kerala,Kolkata,643912,2020-01-04,1,83667,65,30,8918,0
749,BSNL,M,54,Maharashtra,Chennai,590093,2020-01-04,1,103284,44,49,1711,0
750,"Reliance Jio",M,41,"Himachal Pradesh",Chennai,235196,2020-01-04,4,60822,40,28,5275,0
751,Airtel,M,58,Gujarat,Chennai,558432,2020-01-04,1,56724,67,24,5366,0
752,Vodafone,M,27,Tripura,Delhi,241616,2020-01-04,0,67853,52,0,4446,1
753,Vodafone,M,40,Bihar,Mumbai,518717,2020-01-04,4,72961,38,37,6345,1
754,Vodafone,M,71,Manipur,Chennai,879758,2020-01-04,3,52822,9,10,590,0
755,Airtel,M,43,Bihar,Chennai,886325,2020-01-04,0,99366,90,30,292,0
756,Airtel,M,58,Haryana,Hyderabad,228121,2020-01-04,4,111096,33,28,8477,0
757,"Reliance Jio",F,48,Kerala,Delhi,147365,2020-01-04,0,41354,56,19,10426,0
758,"Reliance Jio",M,21,Kerala,Bangalore,745087,2020-01-04,1,27014,93,21,2920,0
759,Airtel,M,58,Haryana,Bangalore,754901,2020-01-04,2,62810,71,26,4293,0
760,BSNL,F,53,"Andhra Pradesh",Hyderabad,281040,2020-01-04,3,50632,15,3,7009,1
761,"Reliance Jio",M,54,Manipur,Bangalore,897390,2020-01-04,1,54739,60,14,-580,0
762,Airtel,M,26,Haryana,Hyderabad,616200,2020-01-04,0,100746,86,45,9719,0
763,Airtel,M,25,Maharashtra,Kolkata,697227,2020-01-04,0,71325,-3,43,8512,1
764,Airtel,M,25,Tripura,Chennai,625117,2020-01-04,1,55138,36,9,10799,0
765,Airtel,F,50,Sikkim,Kolkata,904161,2020-01-04,3,50193,55,-1,4226,0
766,Airtel,F,56,Meghalaya,Delhi,460911,2020-01-04,4,47959,73,25,5220,0
767,"Reliance Jio",M,72,Bihar,Mumbai,190485,2020-01-04,0,135004,32,47,2642,0
768,Vodafone,F,26,Goa,Bangalore,888876,2020-01-04,0,59802,95,28,6393,1
769,Vodafone,M,59,Kerala,Chennai,717915,2020-01-04,1,129675,69,33,5447,0
770,BSNL,M,73,Jharkhand,Kolkata,609573,2020-01-04,1,117872,16,39,3981,0
771,BSNL,M,36,Chhattisgarh,Chennai,938571,2020-01-04,2,118176,7,47,5697,1
772,"Reliance Jio",F,49,Uttarakhand,Chennai,380287,2020-01-04,3,89877,54,3,2483,0
773,Airtel,F,67,Nagaland,Chennai,948806,2020-01-04,4,35244,4,15,8236,1
774,BSNL,F,47,Nagaland,Chennai,289413,2020-01-04,0,110255,20,45,2564,0
775,"Reliance Jio",M,61,Gujarat,Kolkata,296095,2020-01-04,2,32210,65,25,7277,0
776,"Reliance Jio",M,72,Bihar,Bangalore,978817,2020-01-04,0,55472,-1,13,8097,1
777,"Reliance Jio",M,61,Karnataka,Chennai,779054,2020-01-04,4,108990,6,49,6298,0
778,Vodafone,M,45,"West Bengal",Mumbai,392675,2020-01-04,4,83460,101,14,3628,0
779,"Reliance Jio",M,54,Bihar,Mumbai,633965,2020-01-04,2,57305,40,13,2512,0
780,BSNL,F,59,Maharashtra,Kolkata,162639,2020-01-04,2,94104,43,14,1125,0
781,Airtel,F,33,Gujarat,Hyderabad,982832,2020-01-04,2,105314,86,4,605,0
782,Airtel,M,29,"Himachal Pradesh",Bangalore,256153,2020-01-04,4,139343,32,16,3021,0
783,"Reliance Jio",M,48,Haryana,Kolkata,531250,2020-01-04,0,126943,98,45,3349,0
784,Airtel,M,66,Kerala,Kolkata,657277,2020-01-04,0,73268,14,40,8704,0
785,"Reliance Jio",F,46,Tripura,Delhi,681172,2020-01-04,2,141414,66,11,459,0
786,"Reliance Jio",F,64,Uttarakhand,Mumbai,571894,2020-01-04,0,29384,100,41,3167,1
787,Airtel,F,22,Bihar,Chennai,335661,2020-01-04,1,132617,16,33,6053,0
788,BSNL,M,71,Goa,Mumbai,410047,2020-01-04,1,72376,62,10,4494,0
789,"Reliance Jio",F,66,"Uttar Pradesh",Hyderabad,981604,2020-01-04,3,25535,69,14,7559,0
790,"Reliance Jio",M,54,Uttarakhand,Bangalore,652953,2020-01-04,1,35466,72,3,7303,0
791,BSNL,F,47,Haryana,Hyderabad,226137,2020-01-04,4,146871,11,43,981,0
792,Airtel,M,40,Karnataka,Mumbai,349093,2020-01-04,3,132502,33,15,-512,0
793,BSNL,F,24,Rajasthan,Kolkata,420600,2020-01-04,3,135675,72,33,4531,0
794,BSNL,M,30,"Tamil Nadu",Delhi,615281,2020-01-04,1,118830,66,32,5655,0
795,Vodafone,F,47,Jharkhand,Chennai,753264,2020-01-04,4,95568,24,13,1646,0
796,"Reliance Jio",M,27,Meghalaya,Hyderabad,496294,2020-01-04,2,81480,81,12,6924,0
797,Airtel,F,57,"Andhra Pradesh",Hyderabad,109630,2020-01-04,0,101994,25,11,123,0
798,Airtel,M,55,"Himachal Pradesh",Hyderabad,747375,2020-01-04,1,129608,-7,49,387,0
799,BSNL,M,42,Mizoram,Kolkata,798421,2020-01-04,1,106251,50,20,6009,0
800,BSNL,F,66,Jharkhand,Bangalore,647190,2020-01-04,2,113523,18,17,1464,0
801,Airtel,F,67,Tripura,Chennai,632952,2020-01-05,3,90770,23,38,6222,0
802,BSNL,F,22,Sikkim,Chennai,704295,2020-01-05,0,54554,89,1,2588,1
803,BSNL,M,72,"Himachal Pradesh",Delhi,837075,2020-01-05,4,35890,37,28,3956,1
804,Vodafone,M,37,Maharashtra,Kolkata,112490,2020-01-05,2,139880,92,52,9330,1
805,"Reliance Jio",M,20,Haryana,Mumbai,279834,2020-01-05,0,112448,32,2,8277,0
806,"Reliance Jio",M,32,"Madhya Pradesh",Kolkata,721024,2020-01-05,0,28514,86,16,6101,0
807,Vodafone,F,57,Bihar,Hyderabad,284002,2020-01-05,0,140578,41,28,4373,0
808,Vodafone,M,54,"Tamil Nadu",Bangalore,334207,2020-01-05,4,110967,48,2,10352,1
809,Airtel,F,42,"West Bengal",Kolkata,883518,2020-01-05,2,109661,75,27,6090,0
810,Airtel,F,19,Jharkhand,Chennai,829568,2020-01-05,4,98648,38,11,1938,0
811,Airtel,M,25,Punjab,Kolkata,823579,2020-01-05,1,80528,65,40,6555,0
812,Vodafone,M,72,"Arunachal Pradesh",Delhi,152251,2020-01-05,2,91311,91,18,2776,0
813,Airtel,M,46,Chhattisgarh,Mumbai,760347,2020-01-05,4,99344,73,50,9064,0
814,Airtel,M,28,Odisha,Hyderabad,773490,2020-01-05,2,89950,31,36,9595,0
815,"Reliance Jio",F,28,"Uttar Pradesh",Chennai,891545,2020-01-05,1,135818,15,1,3704,0
816,Vodafone,F,52,Gujarat,Delhi,678159,2020-01-05,1,84680,61,12,4497,0
817,"Reliance Jio",M,43,Assam,Kolkata,175219,2020-01-05,3,91095,37,42,7137,0
818,BSNL,F,25,Karnataka,Hyderabad,945189,2020-01-05,3,138775,20,3,8190,0
819,BSNL,M,25,Chhattisgarh,Hyderabad,456832,2020-01-05,4,54118,87,3,3673,0
820,Airtel,F,67,Meghalaya,Hyderabad,171699,2020-01-05,2,63614,54,25,951,0
821,"Reliance Jio",M,37,"Uttar Pradesh",Delhi,167941,2020-01-05,1,110631,42,20,10252,0
822,Vodafone,M,43,"Andhra Pradesh",Mumbai,814392,2020-01-05,1,45188,19,22,4071,1
823,Vodafone,M,32,Haryana,Delhi,388523,2020-01-05,1,34660,13,11,5951,1
824,"Reliance Jio",F,41,Gujarat,Hyderabad,469814,2020-01-05,0,98264,46,52,9726,0
825,"Reliance Jio",F,66,"West Bengal",Chennai,297970,2020-01-05,0,86778,38,4,6493,0
826,Vodafone,F,47,Kerala,Hyderabad,721338,2020-01-05,4,26015,10,7,6041,1
827,BSNL,F,73,"Himachal Pradesh",Hyderabad,716098,2020-01-05,3,54833,80,18,5081,0
828,BSNL,M,63,Uttarakhand,Chennai,817154,2020-01-05,4,32669,38,19,5367,0
829,"Reliance Jio",M,69,Assam,Chennai,392714,2020-01-05,0,143268,16,39,2346,1
830,"Reliance Jio",F,51,Telangana,Delhi,950404,2020-01-05,3,53548,26,40,3230,0
831,"Reliance Jio",M,24,"Arunachal Pradesh",Hyderabad,493729,2020-01-05,2,65878,-6,2,3860,0
832,Vodafone,F,30,"Madhya Pradesh",Mumbai,667899,2020-01-05,4,138782,94,27,533,1
833,Vodafone,F,49,Haryana,Mumbai,903098,2020-01-05,3,107924,1,5,5397,0
834,"Reliance Jio",M,32,Maharashtra,Mumbai,257858,2020-01-05,1,116298,66,45,4820,0
835,BSNL,F,25,Rajasthan,Bangalore,388475,2020-01-05,3,50939,34,7,6840,0
836,Vodafone,M,39,Maharashtra,Kolkata,549507,2020-01-05,3,112135,52,34,6551,1
837,Vodafone,M,30,Tripura,Mumbai,707906,2020-01-05,1,84343,37,16,8498,0
838,Vodafone,M,66,Mizoram,Kolkata,622874,2020-01-05,1,31965,18,5,2901,1
839,BSNL,F,59,Meghalaya,Kolkata,423054,2020-01-05,4,47697,98,46,1049,0
840,BSNL,F,68,"West Bengal",Kolkata,528067,2020-01-05,2,83688,97,34,2820,0
841,Vodafone,F,39,Punjab,Kolkata,510073,2020-01-05,1,53945,90,51,6840,1
842,BSNL,M,50,Punjab,Kolkata,527853,2020-01-05,2,133795,56,13,5161,1
843,BSNL,M,42,Telangana,Mumbai,533191,2020-01-05,3,35952,79,14,4369,0
844,Vodafone,M,23,Sikkim,Kolkata,838504,2020-01-05,4,112775,23,3,10700,0
845,Airtel,F,33,Telangana,Chennai,266584,2020-01-05,4,120376,31,23,7863,0
846,Vodafone,F,66,Haryana,Hyderabad,864193,2020-01-05,2,138210,67,6,-207,0
847,BSNL,M,37,Gujarat,Mumbai,871629,2020-01-05,0,116209,7,2,-9,0
848,BSNL,M,55,Meghalaya,Delhi,518670,2020-01-05,4,74653,90,34,10455,0
849,Airtel,M,49,Meghalaya,Bangalore,787380,2020-01-05,2,21482,49,35,7730,0
850,Vodafone,M,63,"Himachal Pradesh",Kolkata,667598,2020-01-05,1,45441,42,37,7746,0
851,"Reliance Jio",M,25,"Arunachal Pradesh",Mumbai,342027,2020-01-05,4,38802,80,23,10273,0
852,"Reliance Jio",F,67,"Andhra Pradesh",Chennai,549192,2020-01-05,1,43638,52,18,8537,0
853,"Reliance Jio",F,58,Kerala,Chennai,265850,2020-01-05,0,20604,19,49,2171,0
854,"Reliance Jio",M,36,Telangana,Mumbai,844413,2020-01-05,3,127147,29,30,2406,0
855,BSNL,F,27,"Tamil Nadu",Kolkata,874229,2020-01-05,0,100981,31,15,4750,1
856,Vodafone,F,22,Kerala,Delhi,927469,2020-01-05,4,85566,36,36,2384,0
857,Airtel,M,58,Maharashtra,Mumbai,264964,2020-01-05,2,119575,66,8,3783,0
858,BSNL,F,63,"Uttar Pradesh",Kolkata,433324,2020-01-05,1,43973,79,22,6815,0
859,Airtel,M,25,Jharkhand,Kolkata,871852,2020-01-05,4,22987,12,18,9309,0
860,BSNL,F,63,Mizoram,Kolkata,156983,2020-01-05,4,30353,81,19,8039,0
861,Vodafone,M,65,Uttarakhand,Delhi,604802,2020-01-05,3,149346,42,19,3788,0
862,Vodafone,M,56,Tripura,Hyderabad,170092,2020-01-05,2,80921,9,49,2654,0
863,Vodafone,M,66,Haryana,Kolkata,460663,2020-01-05,2,88864,30,38,3411,0
864,Vodafone,M,32,"Andhra Pradesh",Delhi,855491,2020-01-05,4,123354,29,39,309,0
865,BSNL,F,60,Odisha,Chennai,690541,2020-01-05,1,48899,99,37,9649,0
866,Airtel,F,67,Odisha,Hyderabad,339355,2020-01-05,4,109760,72,37,5884,0
867,"Reliance Jio",M,21,"Andhra Pradesh",Kolkata,116707,2020-01-05,4,120637,61,3,961,0
868,"Reliance Jio",M,28,Mizoram,Chennai,704928,2020-01-05,2,22933,34,53,6413,1
869,Vodafone,M,48,Manipur,Chennai,184381,2020-01-05,1,99757,53,41,8986,0
870,Airtel,F,29,Rajasthan,Chennai,558155,2020-01-05,3,66874,80,41,5298,0
871,"Reliance Jio",M,68,Kerala,Hyderabad,935797,2020-01-05,0,52333,67,27,7204,0
872,Airtel,F,54,Kerala,Delhi,377428,2020-01-05,2,142333,30,-3,2617,0
873,BSNL,M,45,Nagaland,Mumbai,824414,2020-01-05,1,57446,51,2,10458,0
874,BSNL,F,47,Assam,Delhi,352556,2020-01-05,0,40200,76,44,9412,0
875,"Reliance Jio",F,30,"Himachal Pradesh",Kolkata,708059,2020-01-05,4,119835,62,21,952,0
876,Vodafone,M,31,"Himachal Pradesh",Hyderabad,142059,2020-01-05,1,104108,18,28,5561,0
877,Vodafone,M,44,Odisha,Mumbai,565200,2020-01-05,3,140333,42,44,321,0
878,BSNL,M,47,Telangana,Delhi,920599,2020-01-05,4,134931,79,10,5200,0
879,Airtel,F,37,"Madhya Pradesh",Chennai,935579,2020-01-05,2,61196,48,17,8882,0
880,"Reliance Jio",M,23,Karnataka,Hyderabad,376377,2020-01-05,3,41152,22,45,9081,0
881,"Reliance Jio",M,51,"Madhya Pradesh",Delhi,459076,2020-01-05,1,70204,28,28,5726,0
882,BSNL,M,26,"Madhya Pradesh",Delhi,575734,2020-01-05,4,109939,21,40,1587,0
883,Vodafone,M,46,Uttarakhand,Delhi,476784,2020-01-05,0,33675,4,12,2439,0
884,"Reliance Jio",F,34,Manipur,Mumbai,596660,2020-01-05,3,95804,61,32,7281,0
885,"Reliance Jio",M,35,Uttarakhand,Delhi,907275,2020-01-05,0,95319,63,-3,2339,0
886,Vodafone,F,37,Punjab,Bangalore,836491,2020-01-05,3,113179,11,36,5147,0
887,Airtel,M,73,Assam,Chennai,848380,2020-01-05,1,142310,42,1,7401,0
888,BSNL,M,39,Maharashtra,Kolkata,668922,2020-01-05,1,65582,92,38,1217,1
889,Airtel,M,34,Jharkhand,Mumbai,392908,2020-01-05,4,22930,89,24,6070,0
890,BSNL,M,53,Jharkhand,Chennai,236342,2020-01-05,2,61038,22,37,4366,0
891,Airtel,M,51,Telangana,Delhi,742611,2020-01-05,3,136249,74,16,4324,0
892,Airtel,M,63,Bihar,Chennai,669522,2020-01-05,3,28968,89,15,2981,0
893,Vodafone,M,19,Gujarat,Chennai,623496,2020-01-05,1,117770,49,15,5199,0
894,Vodafone,M,31,"Himachal Pradesh",Bangalore,548325,2020-01-05,2,91172,103,42,9162,1
895,Vodafone,F,41,Punjab,Kolkata,452014,2020-01-05,3,142240,84,22,5694,1
896,Vodafone,M,29,Sikkim,Mumbai,187170,2020-01-05,1,112234,39,42,4935,0
897,BSNL,F,49,"Tamil Nadu",Hyderabad,573343,2020-01-05,2,120545,26,9,8830,0
898,"Reliance Jio",M,51,Maharashtra,Delhi,542882,2020-01-05,2,72143,63,37,5966,1
899,BSNL,M,47,Mizoram,Mumbai,617859,2020-01-05,1,137297,64,48,2764,1
900,BSNL,M,68,"Arunachal Pradesh",Chennai,782795,2020-01-05,4,90532,42,26,4679,0
901,Airtel,M,41,Maharashtra,Mumbai,228641,2020-01-05,0,95919,69,25,-884,0
902,Vodafone,M,32,Telangana,Hyderabad,990302,2020-01-05,0,125227,15,0,6637,0
903,"Reliance Jio",F,49,Uttarakhand,Delhi,425470,2020-01-05,4,32341,58,50,2382,0
904,Vodafone,F,62,Haryana,Kolkata,944759,2020-01-05,4,35410,43,26,8815,1
905,Airtel,M,39,"Himachal Pradesh",Delhi,386757,2020-01-05,3,67163,96,5,-63,0
906,"Reliance Jio",M,43,Gujarat,Chennai,839415,2020-01-05,2,135890,26,44,10256,0
907,Vodafone,F,65,Maharashtra,Bangalore,770057,2020-01-05,3,37397,101,32,220,1
908,BSNL,F,60,Nagaland,Bangalore,181717,2020-01-05,1,21722,32,20,8911,0
909,Vodafone,M,51,Uttarakhand,Hyderabad,309365,2020-01-05,2,141638,57,1,3609,0
910,"Reliance Jio",M,43,Karnataka,Hyderabad,731478,2020-01-05,4,74504,10,3,3688,0
911,BSNL,M,23,Assam,Chennai,955847,2020-01-05,3,125444,65,49,3004,0
912,Vodafone,F,63,Kerala,Hyderabad,638984,2020-01-05,3,22851,13,11,1046,0
913,BSNL,F,47,"Himachal Pradesh",Hyderabad,851949,2020-01-05,0,23944,28,18,4348,0
914,BSNL,M,27,Mizoram,Delhi,589174,2020-01-05,2,124104,96,47,10318,1
915,Airtel,M,30,"Arunachal Pradesh",Delhi,963215,2020-01-05,3,132757,62,9,8239,0
916,"Reliance Jio",M,69,Odisha,Hyderabad,775953,2020-01-05,0,84245,80,31,6625,1
917,Vodafone,F,48,Odisha,Chennai,512736,2020-01-05,0,111566,44,27,5508,0
918,Airtel,F,60,"Arunachal Pradesh",Kolkata,540673,2020-01-05,0,142086,32,38,2252,1
919,Vodafone,M,58,Kerala,Kolkata,455313,2020-01-05,0,76645,36,33,8063,0
920,Vodafone,M,45,Telangana,Delhi,282486,2020-01-05,2,47458,44,34,7303,0
921,Vodafone,F,62,Manipur,Hyderabad,124728,2020-01-05,1,66136,15,40,5099,0
922,Airtel,M,25,Karnataka,Delhi,340173,2020-01-05,3,93348,50,5,6939,0
923,"Reliance Jio",M,49,"Himachal Pradesh",Bangalore,613144,2020-01-05,3,109679,26,11,7615,1
924,BSNL,M,20,Bihar,Chennai,400621,2020-01-05,2,107928,54,-2,6798,0
925,BSNL,M,55,Mizoram,Kolkata,715364,2020-01-05,3,56155,88,19,1806,0
926,Vodafone,F,33,Tripura,Mumbai,563595,2020-01-05,0,73212,97,35,1364,0
927,Airtel,F,59,Punjab,Mumbai,192676,2020-01-05,0,34487,45,3,2519,1
928,"Reliance Jio",M,68,Kerala,Kolkata,966937,2020-01-05,3,48672,8,9,6518,1
929,BSNL,M,22,"Andhra Pradesh",Chennai,288539,2020-01-05,1,52857,56,4,2465,0
930,BSNL,M,26,Karnataka,Kolkata,490179,2020-01-05,3,142365,46,33,8010,0
931,Vodafone,F,41,Jharkhand,Hyderabad,565481,2020-01-05,4,101946,60,39,9254,0
932,Airtel,M,72,Nagaland,Mumbai,927464,2020-01-05,4,148370,14,18,6161,0
933,"Reliance Jio",M,23,"Andhra Pradesh",Chennai,898535,2020-01-05,4,115147,21,-3,7434,0
934,BSNL,F,71,Kerala,Mumbai,802483,2020-01-05,0,103223,63,10,2982,1
935,"Reliance Jio",F,50,Manipur,Bangalore,410563,2020-01-05,3,141318,91,11,2923,1
936,BSNL,M,26,Kerala,Mumbai,599673,2020-01-05,4,116192,26,10,9230,0
937,BSNL,M,48,Rajasthan,Chennai,907240,2020-01-05,2,99681,38,16,1762,0
938,Airtel,M,32,Tripura,Chennai,578604,2020-01-05,1,112079,91,44,6466,0
939,Airtel,M,45,"Tamil Nadu",Kolkata,705235,2020-01-05,3,64599,12,41,890,0
940,Airtel,M,37,Rajasthan,Chennai,375305,2020-01-05,2,120298,2,39,2843,1
941,Airtel,M,33,"Arunachal Pradesh",Kolkata,159680,2020-01-05,1,61042,30,18,5649,0
942,Airtel,M,67,"West Bengal",Bangalore,232402,2020-01-05,0,90391,20,34,947,0
943,BSNL,M,55,Odisha,Mumbai,632291,2020-01-05,3,131836,90,5,8013,0
944,Airtel,M,26,Chhattisgarh,Mumbai,584880,2020-01-05,3,44176,31,10,8259,0
945,"Reliance Jio",F,23,Sikkim,Delhi,518515,2020-01-05,0,71761,91,34,4825,0
946,Airtel,M,35,Chhattisgarh,Bangalore,255159,2020-01-05,3,116319,7,42,7150,0
947,Airtel,F,63,"West Bengal",Chennai,108899,2020-01-05,1,34991,87,24,1788,0
948,"Reliance Jio",M,32,Manipur,Chennai,167981,2020-01-05,4,20509,68,9,678,0
949,BSNL,M,37,Goa,Delhi,193047,2020-01-05,2,41228,37,43,7858,1
950,"Reliance Jio",F,59,"Madhya Pradesh",Hyderabad,298443,2020-01-05,3,80058,18,31,9961,0
951,"Reliance Jio",F,41,Jharkhand,Delhi,900567,2020-01-05,2,38670,53,-1,9282,0
952,"Reliance Jio",M,62,Assam,Chennai,202649,2020-01-05,2,79013,25,16,4591,1
953,"Reliance Jio",M,74,Meghalaya,Hyderabad,792535,2020-01-05,0,77342,55,44,4342,0
954,"Reliance Jio",M,61,Kerala,Mumbai,559244,2020-01-05,0,34792,29,35,5482,0
955,BSNL,F,55,Kerala,Delhi,196512,2020-01-05,4,103341,15,33,8298,0
956,Airtel,M,22,Kerala,Delhi,737512,2020-01-05,4,47471,57,20,5654,0
957,BSNL,M,26,Telangana,Chennai,811731,2020-01-05,0,95878,29,3,7460,1
958,Vodafone,F,38,Karnataka,Mumbai,153004,2020-01-05,3,144039,45,19,7758,0
959,"Reliance Jio",M,49,Maharashtra,Bangalore,226328,2020-01-05,2,29972,18,9,2771,0
960,BSNL,M,45,Gujarat,Hyderabad,448002,2020-01-05,2,27320,57,12,10632,0
961,Airtel,M,54,Rajasthan,Hyderabad,924285,2020-01-05,0,99094,77,24,1135,0
962,"Reliance Jio",M,46,Bihar,Delhi,321733,2020-01-05,3,102027,53,36,7632,0
963,Vodafone,F,23,"Tamil Nadu",Hyderabad,320461,2020-01-05,2,33430,93,13,8048,1
964,"Reliance Jio",M,65,Punjab,Chennai,254608,2020-01-05,4,115723,105,4,7826,0
965,"Reliance Jio",M,40,"Himachal Pradesh",Chennai,668149,2020-01-05,3,26148,12,25,8298,0
966,BSNL,M,73,Odisha,Chennai,248210,2020-01-05,1,131638,17,29,1950,0
967,Vodafone,F,18,"Tamil Nadu",Delhi,854527,2020-01-05,2,32492,88,12,1192,1
968,Airtel,M,64,Jharkhand,Kolkata,560480,2020-01-05,0,140672,55,4,7053,0
969,BSNL,M,40,Nagaland,Delhi,304580,2020-01-05,1,100573,70,12,6712,0
970,BSNL,M,28,Manipur,Kolkata,232154,2020-01-05,0,95569,42,29,2058,0
971,"Reliance Jio",F,63,Haryana,Hyderabad,629562,2020-01-05,2,78858,-2,36,2799,0
972,BSNL,M,70,"Madhya Pradesh",Bangalore,711248,2020-01-05,1,127557,61,32,1355,0
973,BSNL,M,69,Meghalaya,Kolkata,560360,2020-01-05,4,71203,5,46,2275,0
974,BSNL,F,49,Rajasthan,Kolkata,710388,2020-01-05,2,109351,47,31,6749,1
975,BSNL,F,63,Goa,Bangalore,640838,2020-01-05,2,119501,55,35,6743,0
976,Vodafone,M,64,Odisha,Hyderabad,914236,2020-01-05,2,73030,47,47,7952,0
977,Airtel,M,24,"Tamil Nadu",Delhi,684317,2020-01-05,0,35351,4,7,746,1
978,Airtel,F,19,Haryana,Kolkata,870376,2020-01-05,0,127590,17,45,738,0
979,BSNL,M,23,Maharashtra,Mumbai,440474,2020-01-05,2,57464,6,20,913,0
980,"Reliance Jio",M,65,Gujarat,Delhi,786280,2020-01-05,0,64956,86,27,3837,0
981,"Reliance Jio",F,37,"West Bengal",Mumbai,845440,2020-01-05,4,91652,97,41,3814,0
982,Vodafone,F,48,Telangana,Chennai,344460,2020-01-05,3,148331,12,10,1203,0
983,Vodafone,F,22,Tripura,Delhi,948763,2020-01-05,0,74315,79,21,6175,0
984,"Reliance Jio",M,40,"West Bengal",Hyderabad,307897,2020-01-05,0,49677,39,36,7924,0
985,BSNL,F,27,Odisha,Mumbai,921057,2020-01-05,3,105165,67,42,9388,1
986,"Reliance Jio",F,27,Sikkim,Delhi,460211,2020-01-05,3,60099,35,0,5099,0
987,Airtel,F,71,Jharkhand,Mumbai,651287,2020-01-05,3,98598,2,42,7531,0
988,"Reliance Jio",F,59,"Arunachal Pradesh",Bangalore,505632,2020-01-05,2,66046,16,48,9546,0
989,Vodafone,F,23,Mizoram,Mumbai,791097,2020-01-05,3,94480,38,9,-241,0
990,Airtel,M,25,Telangana,Delhi,138460,2020-01-05,2,116561,24,42,8085,0
991,"Reliance Jio",M,44,Karnataka,Kolkata,622713,2020-01-05,1,29390,86,46,8080,0
992,Airtel,F,53,Jharkhand,Delhi,139520,2020-01-05,2,61319,67,29,837,1
993,BSNL,F,57,"Tamil Nadu",Chennai,393839,2020-01-05,3,123185,44,44,5785,0
994,BSNL,F,39,"Madhya Pradesh",Chennai,487284,2020-01-05,0,78871,95,11,4605,0
995,Airtel,M,22,Odisha,Bangalore,695989,2020-01-05,1,48101,70,17,9308,1
996,BSNL,F,19,"Tamil Nadu",Delhi,326273,2020-01-05,0,81532,29,36,3952,0
997,Airtel,M,38,Nagaland,Kolkata,126707,2020-01-05,4,127367,39,19,5328,0
998,Vodafone,M,18,Odisha,Chennai,742600,2020-01-05,1,120764,49,42,6260,1
999,Vodafone,M,64,Tripura,Delhi,186458,2020-01-05,1,95036,96,12,2262,0
1000,"Reliance Jio",M,38,"Himachal Pradesh",Bangalore,378040,2020-01-06,4,88151,29,25,5908,0
